대학,학년도,전형구분,전형,모집단위,모집,경쟁률,충원,50%cut,70%cut,canon2026
서울대,2021,학생부종합,기회균형선발특별전형Ⅰ(농어촌),경영대학,3,3.67,0,1.2X,1.5X,
서울대,2021,학생부종합,기회균형선발특별전형Ⅰ(농어촌),인문계열,6,5.33,0,1.3X,1.4X,
서울대,2021,학생부종합,기회균형선발특별전형Ⅰ(저소득),인문계열,7,5.14,0,1.9X,2.9X,
서울대,2021,학생부종합,일반전형,경영대학,50,5.52,0,2.0X,2.2X,
서울대,2021,학생부종합,일반전형,경제학부,64,3.73,0,1.8X,2.1X,
서울대,2021,학생부종합,일반전형,고고미술사학과,10,5.10,0,2.9X,3.1X,
서울대,2021,학생부종합,일반전형,교육학과,12,9.58,1,1.3X,1.4X,
서울대,2021,학생부종합,일반전형,국사학과,12,5.17,0,2.2X,2.9X,
서울대,2021,학생부종합,일반전형,국어교육과,10,5.60,0,1.3X,1.7X,
서울대,2021,학생부종합,일반전형,국어국문학과,15,4.93,0,2.3X,2.4X,
서울대,2021,학생부종합,일반전형,노어노문학과,10,5.10,0,2.6X,2.7X,
서울대,2021,학생부종합,일반전형,농경제사회학부,19,8.16,0,1.8X,2.2X,
서울대,2021,학생부종합,일반전형,독어교육과,10,4.20,0,2.1X,2.9X,
서울대,2021,학생부종합,일반전형,독어독문학과,10,4.60,0,2.2X,2.5X,
서울대,2021,학생부종합,일반전형,동양사학과,10,5.50,0,1.8X,1.9X,
서울대,2021,학생부종합,일반전형,물리교육과,7,4.43,1,1.5X,2.1X,
서울대,2021,학생부종합,일반전형,미학과,10,8.00,0,2.2X,2.8X,
서울대,2021,학생부종합,일반전형,불어교육과,10,4.40,0,2.4X,2.8X,
서울대,2021,학생부종합,일반전형,불어불문학과,10,5.10,0,2.4X,2.7X,
서울대,2021,학생부종합,일반전형,사회교육과,6,8.33,0,1.6X,1.9X,
서울대,2021,학생부종합,일반전형,사회학과,10,14.80,0,2.0X,2.1X,
서울대,2021,학생부종합,일반전형,생물교육과,7,6.86,1,1.5X,1.6X,
서울대,2021,학생부종합,일반전형,서양사학과,10,5.20,0,2.7X,2.9X,
서울대,2021,학생부종합,일반전형,서어서문학과,10,5.60,0,2.0X,2.5X,
서울대,2021,학생부종합,일반전형,소비자아동학부 소비자학전공,7,11.71,0,2.4X,2.7X,
서울대,2021,학생부종합,일반전형,소비자아동학부 아동가족학전공,9,8.11,1,1.8X,2.1X,
서울대,2021,학생부종합,일반전형,수학교육과,12,7.33,3,1.6X,1.9X,
서울대,2021,학생부종합,일반전형,심리학과,8,11.00,1,1.5X,1.7X,
서울대,2021,학생부종합,일반전형,아시아언어문명학부,10,8.50,0,1.9X,2.5X,
서울대,2021,학생부종합,일반전형,언론정보학과,14,8.86,0,1.7X,2.3X,
서울대,2021,학생부종합,일반전형,언어학과,10,6.50,0,2.2X,2.6X,
서울대,2021,학생부종합,일반전형,역사교육과,6,7.50,0,1.3X,1.4X,
서울대,2021,학생부종합,일반전형,영어교육과,12,4.75,0,1.9X,2.2X,
서울대,2021,학생부종합,일반전형,영어영문학과,15,6.67,0,2.0X,2.2X,
서울대,2021,학생부종합,일반전형,윤리교육과,12,5.33,1,1.7X,1.8X,
서울대,2021,학생부종합,일반전형,의류학과,12,4.92,0,1.8X,2.3X,
서울대,2021,학생부종합,일반전형,자유전공학부,90,6.24,0,2.2X,2.5X,
서울대,2021,학생부종합,일반전형,정치외교학부,37,6.81,1,1.7X,2.0X,
서울대,2021,학생부종합,일반전형,종교학과,10,6.30,0,2.7X,3.0X,
서울대,2021,학생부종합,일반전형,중어중문학과,12,6.17,0,1.8X,2.0X,
서울대,2021,학생부종합,일반전형,지구과학교육과,7,5.43,0,1.9X,2.1X,
서울대,2021,학생부종합,일반전형,지리학과,9,6.56,0,2.3X,2.5X,
서울대,2021,학생부종합,일반전형,철학과,12,11.33,0,2.7X,2.9X,
서울대,2021,학생부종합,일반전형,체육교육과,10,13.80,0,2.5X,4.9X,
서울대,2021,학생부종합,일반전형,통계학과,17,4.82,1,2.4X,2.5X,
서울대,2021,학생부종합,일반전형,화학교육과,7,8.29,4,1.6X,1.8X,
서울대,2021,학생부종합,지역균형선발전형,경영대학,27,2.52,0,1.1X,1.2X,
서울대,2021,학생부종합,지역균형선발전형,경제학부,40,2.05,1,1.2X,1.3X,
서울대,2021,학생부종합,지역균형선발전형,국어교육과,5,6.60,0,1.2X,1.2X,
서울대,2021,학생부종합,지역균형선발전형,농경제사회학부,11,4.45,1,1.2X,1.3X,
서울대,2021,학생부종합,지역균형선발전형,독어교육과,5,3.00,0,1.3X,1.4X,
서울대,2021,학생부종합,지역균형선발전형,물리교육과,6,1.83,0,1.4X,1.6X,
서울대,2021,학생부종합,지역균형선발전형,불어교육과,5,3.00,1,1.4X,1.4X,
서울대,2021,학생부종합,지역균형선발전형,사회교육과,6,3.33,0,1.2X,1.2X,
서울대,2021,학생부종합,지역균형선발전형,사회복지학과,7,3.86,0,1.3X,1.3X,
서울대,2021,학생부종합,지역균형선발전형,사회학과,7,8.14,0,1.1X,1.1X,
서울대,2021,학생부종합,지역균형선발전형,생물교육과,6,1.50,0,1.3X,1.5X,
서울대,2021,학생부종합,지역균형선발전형,소비자아동학부 소비자학전공,7,2.57,0,1.2X,1.2X,
서울대,2021,학생부종합,지역균형선발전형,소비자아동학부 아동가족학전공,7,2.86,5,1.4X,1.4X,
서울대,2021,학생부종합,지역균형선발전형,수학교육과,8,2.25,0,1.1X,1.3X,
서울대,2021,학생부종합,지역균형선발전형,심리학과,7,3.14,0,1.2X,1.3X,
서울대,2021,학생부종합,지역균형선발전형,언론정보학과,7,4.86,0,1.1X,1.1X,
서울대,2021,학생부종합,지역균형선발전형,역사교육과,6,3.50,0,1.1X,1.2X,
서울대,2021,학생부종합,지역균형선발전형,영어교육과,5,5.00,1,1.1X,1.2X,
서울대,2021,학생부종합,지역균형선발전형,윤리교육과,6,3.33,1,1.3X,1.3X,
서울대,2021,학생부종합,지역균형선발전형,의류학과,10,1.60,0,1.4X,1.4X,
서울대,2021,학생부종합,지역균형선발전형,인문계열,56,3.50,6,1.2X,1.3X,
서울대,2021,학생부종합,지역균형선발전형,자유전공학부,33,3.67,2,1.2X,1.3X,
서울대,2021,학생부종합,지역균형선발전형,정치외교학부,21,3.24,1,1.1X,1.2X,
서울대,2021,학생부종합,지역균형선발전형,지리교육과,6,4.67,0,1.1X,1.1X,
서울대,2021,학생부종합,지역균형선발전형,지리학과,7,2.14,0,1.3X,1.4X,
서울대,2021,학생부종합,지역균형선발전형,체육교육과,6,4.83,0,1.2X,1.4X,
서울대,2021,학생부종합,지역균형선발전형,통계학과,7,2.86,0,1.2X,1.2X,
서울대,2022,학생부종합,기회균형선발특별전형Ⅰ,인문계열(농어촌),4,3.25,0,1.55,1.71,
서울대,2022,학생부종합,기회균형선발특별전형Ⅰ,인문계열(저소득),4,7.25,0,1.87,3.12,
서울대,2022,학생부종합,일반전형,경영대학,50,5.56,0,1.76,2.15,
서울대,2022,학생부종합,일반전형,경제학부,64,4.02,0,1.78,2.19,
서울대,2022,학생부종합,일반전형,고고미술사학과,9,5.56,0,2.12,2.37,
서울대,2022,학생부종합,일반전형,교육학과,12,6.50,0,1.53,1.53,
서울대,2022,학생부종합,일반전형,국사학과,9,6.44,0,2.63,2.85,
서울대,2022,학생부종합,일반전형,국어교육과,10,6.20,0,1.48,1.77,
서울대,2022,학생부종합,일반전형,국어국문학과,9,9.33,0,2.20,2.56,
서울대,2022,학생부종합,일반전형,노어노문학과,9,6.78,0,2.35,2.48,
서울대,2022,학생부종합,일반전형,농경제사회학부,19,6.95,1,2.78,3.27,
서울대,2022,학생부종합,일반전형,독어교육과,10,3.80,0,2.31,2.44,
서울대,2022,학생부종합,일반전형,독어독문학과,9,6.11,0,2.19,2.51,
서울대,2022,학생부종합,일반전형,동양사학과,9,6.78,0,2.14,2.79,
서울대,2022,학생부종합,일반전형,물리교육과,7,7.00,2,1.95,2.84,
서울대,2022,학생부종합,일반전형,미학과,9,10.00,0,1.91,2.14,
서울대,2022,학생부종합,일반전형,불어교육과,10,4.00,0,2.62,3.05,
서울대,2022,학생부종합,일반전형,불어불문학과,9,5.11,0,2.40,2.95,
서울대,2022,학생부종합,일반전형,사회교육과,6,10.00,0,1.91,2.59,
서울대,2022,학생부종합,일반전형,사회복지학과,7,16.14,0,2.05,2.34,
서울대,2022,학생부종합,일반전형,사회학과,10,12.00,1,1.78,2.06,
서울대,2022,학생부종합,일반전형,생물교육과,7,4.57,0,1.84,2.45,
서울대,2022,학생부종합,일반전형,서양사학과,9,7.11,0,2.51,2.77,
서울대,2022,학생부종합,일반전형,서어서문학과,9,5.56,0,2.44,2.44,
서울대,2022,학생부종합,일반전형,소비자아동학부 소비자학전공,8,13.13,0,2.43,2.54,
서울대,2022,학생부종합,일반전형,소비자아동학부 아동가족학전공,10,7.50,0,2.29,2.74,
서울대,2022,학생부종합,일반전형,수학교육과,12,7.25,1,2.12,2.52,
서울대,2022,학생부종합,일반전형,심리학과,8,9.63,0,1.84,1.95,
서울대,2022,학생부종합,일반전형,아시아언어문명학부,9,8.44,0,2.21,2.32,
서울대,2022,학생부종합,일반전형,언론정보학과,14,9.00,2,1.65,1.93,
서울대,2022,학생부종합,일반전형,언어학과,9,8.67,0,1.87,2.28,
서울대,2022,학생부종합,일반전형,역사교육과,6,5.17,0,1.67,1.71,
서울대,2022,학생부종합,일반전형,영어교육과,12,5.42,1,1.94,1.99,
서울대,2022,학생부종합,일반전형,영어영문학과,9,8.89,1,2.61,2.78,
서울대,2022,학생부종합,일반전형,윤리교육과,10,6.40,0,2.44,2.77,
서울대,2022,학생부종합,일반전형,의류학과,12,6.50,1,2.70,3.08,
서울대,2022,학생부종합,일반전형,자유전공학부,61,8.48,8,1.99,2.22,
서울대,2022,학생부종합,일반전형,정치외교학부,26,8.81,0,1.92,2.17,
서울대,2022,학생부종합,일반전형,종교학과,9,8.67,0,1.65,1.81,
서울대,2022,학생부종합,일반전형,중어중문학과,9,7.33,0,1.82,2.00,
서울대,2022,학생부종합,일반전형,지구과학교육과,10,4.30,0,1.96,2.06,
서울대,2022,학생부종합,일반전형,지리교육과,6,6.00,0,2.75,2.95,
서울대,2022,학생부종합,일반전형,지리학과,9,6.56,0,1.95,1.96,
서울대,2022,학생부종합,일반전형,철학과,9,13.67,0,2.41,2.52,
서울대,2022,학생부종합,일반전형,체육교육과,10,12.40,0,1.68,2.04,
서울대,2022,학생부종합,일반전형,통계학과,16,6.44,0,2.24,2.26,
서울대,2022,학생부종합,일반전형,화학교육과,7,6.43,4,2.29,2.39,
서울대,2022,학생부종합,지역균형선발전형,경영대학,27,2.56,0,1.14,1.20,
서울대,2022,학생부종합,지역균형선발전형,경제학부,40,2.38,2,1.22,1.27,
서울대,2022,학생부종합,지역균형선발전형,국어교육과,5,4.40,0,1.34,1.47,
서울대,2022,학생부종합,지역균형선발전형,농경제사회학부,10,2.60,1,1.43,1.58,
서울대,2022,학생부종합,지역균형선발전형,독어교육과,5,1.40,0,1.59,1.60,
서울대,2022,학생부종합,지역균형선발전형,불어교육과,5,1.60,0,1.49,1.58,
서울대,2022,학생부종합,지역균형선발전형,사회교육과,6,7.50,2,1.16,1.16,
서울대,2022,학생부종합,지역균형선발전형,사회복지학과,7,4.14,0,1.31,1.33,
서울대,2022,학생부종합,지역균형선발전형,사회학과,7,5.14,0,1.19,1.29,
서울대,2022,학생부종합,지역균형선발전형,소비자아동학부 소비자학전공,6,6.83,0,1.41,1.62,
서울대,2022,학생부종합,지역균형선발전형,소비자아동학부 아동가족학전공,6,4.83,0,1.14,1.33,
서울대,2022,학생부종합,지역균형선발전형,수학교육과,5,5.80,1,1.22,1.33,
서울대,2022,학생부종합,지역균형선발전형,심리학과,7,2.57,0,1.26,1.27,
서울대,2022,학생부종합,지역균형선발전형,역사교육과,6,2.17,0,1.08,1.13,
서울대,2022,학생부종합,지역균형선발전형,영어교육과,5,5.80,1,1.10,1.11,
서울대,2022,학생부종합,지역균형선발전형,의류학과,10,1.70,0,1.46,1.54,
서울대,2022,학생부종합,지역균형선발전형,인문계열,55,2.82,1,1.25,1.29,
서울대,2022,학생부종합,지역균형선발전형,자유전공학부,25,6.48,6,1.21,1.30,
서울대,2022,학생부종합,지역균형선발전형,정치외교학부,23,3.04,1,1.18,1.24,
서울대,2022,학생부종합,지역균형선발전형,지리교육과,6,1.50,1,1.33,1.61,
서울대,2022,학생부종합,지역균형선발전형,지리학과,7,2.14,0,1.45,1.48,
서울대,2022,학생부종합,지역균형선발전형,통계학과,9,1.56,2,1.17,1.34,
서울대,2023,학생부종합,기회균형특별전형I,인문계열(농어촌),6,5.00,0,1.57,1.58,
서울대,2023,학생부종합,일반전형,경영대학,47,5.91,0,1.77,2.03,
서울대,2023,학생부종합,일반전형,경제학부,64,4.64,0,1.87,2.25,
서울대,2023,학생부종합,일반전형,고고미술사학과,9,7.00,0,2.35,2.96,
서울대,2023,학생부종합,일반전형,교육학과,12,9.83,1,1.41,1.42,
서울대,2023,학생부종합,일반전형,국어교육과,10,5.90,0,2.06,2.29,
서울대,2023,학생부종합,일반전형,국어국문학과,9,11.11,0,2.29,2.66,
서울대,2023,학생부종합,일반전형,노어노문학과,9,6.78,0,1.76,2.56,
서울대,2023,학생부종합,일반전형,농경제사회학부,14,12.00,2,2.38,2.45,
서울대,2023,학생부종합,일반전형,독어교육과,10,5.60,1,2.12,2.38,
서울대,2023,학생부종합,일반전형,독어독문학과,9,5.56,0,2.15,2.39,
서울대,2023,학생부종합,일반전형,물리교육과,7,6.57,0,2.52,2.67,
서울대,2023,학생부종합,일반전형,미학과,9,9.56,0,2.09,2.35,
서울대,2023,학생부종합,일반전형,불어교육과,10,6.20,0,2.35,2.89,
서울대,2023,학생부종합,일반전형,불어불문학과,9,6.67,0,1.93,2.71,
서울대,2023,학생부종합,일반전형,사회교육과,5,9.80,0,1.49,1.95,
서울대,2023,학생부종합,일반전형,사회복지학과,7,12.57,0,1.97,2.23,
서울대,2023,학생부종합,일반전형,사회학과,10,14.30,0,1.95,2.27,
서울대,2023,학생부종합,일반전형,생물교육과,7,8.86,1,2.63,3.90,
서울대,2023,학생부종합,일반전형,서어서문학과,9,6.56,0,2.22,2.59,
서울대,2023,학생부종합,일반전형,소비자아동학부 소비자학전공,7,15.86,0,2.52,2.58,
서울대,2023,학생부종합,일반전형,소비자아동학부 아동가족학전공,10,9.30,0,2.26,2.71,
서울대,2023,학생부종합,일반전형,수학교육과,11,7.45,1,1.84,1.93,
서울대,2023,학생부종합,일반전형,심리학과,8,10.25,0,2.21,2.36,
서울대,2023,학생부종합,일반전형,아시아언어문명학부,9,8.89,0,2.06,2.12,
서울대,2023,학생부종합,일반전형,언론정보학과,14,7.71,0,1.73,1.86,
서울대,2023,학생부종합,일반전형,언어학과,9,7.56,0,1.92,2.26,
서울대,2023,학생부종합,일반전형,역사교육과,6,7.50,0,1.62,3.00,
서울대,2023,학생부종합,일반전형,역사학부,9,12.89,0,2.38,2.73,
서울대,2023,학생부종합,일반전형,영어교육과,10,6.90,0,2.09,2.30,
서울대,2023,학생부종합,일반전형,영어영문학과,9,12.00,0,2.18,2.54,
서울대,2023,학생부종합,일반전형,윤리교육과,8,12.63,0,1.73,1.85,
서울대,2023,학생부종합,일반전형,의류학과,12,7.42,0,1.81,2.04,
서울대,2023,학생부종합,일반전형,자유전공학부,50,8.16,0,2.08,2.46,
서울대,2023,학생부종합,일반전형,정치외교학부,26,11.54,0,1.78,2.05,
서울대,2023,학생부종합,일반전형,종교학과,9,6.22,0,2.25,2.58,
서울대,2023,학생부종합,일반전형,중어중문학과,9,7.33,0,1.81,2.49,
서울대,2023,학생부종합,일반전형,지구과학교육과,10,5.50,1,2.22,2.94,
서울대,2023,학생부종합,일반전형,지리교육과,6,8.33,0,1.74,1.83,
서울대,2023,학생부종합,일반전형,지리학과,9,8.00,0,2.20,2.38,
서울대,2023,학생부종합,일반전형,철학과,9,15.33,0,2.31,2.86,
서울대,2023,학생부종합,일반전형,체육교육과,6,19.67,0,1.13,3.85,
서울대,2023,학생부종합,일반전형,통계학과,12,5.92,0,2.15,2.15,
서울대,2023,학생부종합,일반전형,화학교육과,7,7.29,1,2.94,2.95,
서울대,2023,학생부종합,지역균형선발전형,경영대학,30,3.07,2,1.15,1.21,
서울대,2023,학생부종합,지역균형선발전형,경제학부,20,3.25,0,1.12,1.17,
서울대,2023,학생부종합,지역균형선발전형,국어교육과,5,10.60,1,1.04,1.04,
서울대,2023,학생부종합,지역균형선발전형,농경제사회학부,13,5.92,0,1.40,1.43,
서울대,2023,학생부종합,지역균형선발전형,독어교육과,5,4.80,1,1.39,1.45,
서울대,2023,학생부종합,지역균형선발전형,물리교육과,4,1.75,0,1.17,1.17,
서울대,2023,학생부종합,지역균형선발전형,불어교육과,5,3.40,2,1.32,1.38,
서울대,2023,학생부종합,지역균형선발전형,사회교육과,5,3.80,2,1.15,1.18,
서울대,2023,학생부종합,지역균형선발전형,사회복지학과,7,4.43,2,1.20,1.29,
서울대,2023,학생부종합,지역균형선발전형,사회학과,7,6.00,1,1.19,1.27,
서울대,2023,학생부종합,지역균형선발전형,생물교육과,5,2.80,0,1.12,1.34,
서울대,2023,학생부종합,지역균형선발전형,소비자아동학부 소비자학전공,7,8.71,0,1.19,1.29,
서울대,2023,학생부종합,지역균형선발전형,소비자아동학부 아동가족학전공,6,4.33,2,1.10,1.25,
서울대,2023,학생부종합,지역균형선발전형,수학교육과,4,6.00,1,1.12,1.12,
서울대,2023,학생부종합,지역균형선발전형,심리학과,7,3.86,0,1.09,1.31,
서울대,2023,학생부종합,지역균형선발전형,역사교육과,6,3.83,0,1.10,1.31,
서울대,2023,학생부종합,지역균형선발전형,역사학부,9,3.11,0,1.41,1.49,
서울대,2023,학생부종합,지역균형선발전형,영어교육과,5,4.20,3,1.14,1.22,
서울대,2023,학생부종합,지역균형선발전형,의류학과,10,2.30,0,1.51,1.58,
서울대,2023,학생부종합,지역균형선발전형,인문계열,27,3.56,1,1.32,1.42,
서울대,2023,학생부종합,지역균형선발전형,자유전공학부,24,4.83,5,1.11,1.17,
서울대,2023,학생부종합,지역균형선발전형,정치외교학부,18,4.00,2,1.23,1.31,
서울대,2023,학생부종합,지역균형선발전형,지리교육과,6,3.83,0,1.33,1.33,
서울대,2023,학생부종합,지역균형선발전형,지리학과,7,3.43,0,1.20,1.24,
서울대,2023,학생부종합,지역균형선발전형,통계학과,7,2.29,0,1.21,1.31,
서울대,2023,학생부종합,지역균형선발전형,화학교육과,6,2.50,2,1.19,1.31,
서울대,2024,학생부종합,기회균형특별전형(사회통합),경영대학,7,11.00:1,0,1.46,2.71,
서울대,2024,학생부종합,기회균형특별전형(사회통합),경제학부,8,7.38:1,1,1.61,2.00,
서울대,2024,학생부종합,기회균형특별전형(사회통합),교육학과*,1,18.00:1,0,-,-,
서울대,2024,학생부종합,기회균형특별전형(사회통합),국어교육과*,1,10.00:1,1,-,-,
서울대,2024,학생부종합,기회균형특별전형(사회통합),농경제사회학부*,2,6.50:1,0,-,-,
서울대,2024,학생부종합,기회균형특별전형(사회통합),독어교육과*,1,9.00:1,0,-,-,
서울대,2024,학생부종합,기회균형특별전형(사회통합),물리교육과*,1,8.00:1,0,-,-,
서울대,2024,학생부종합,기회균형특별전형(사회통합),불어교육과*,1,6.00:1,0,-,-,
서울대,2024,학생부종합,기회균형특별전형(사회통합),사회교육과*,1,11.00:1,0,-,-,
서울대,2024,학생부종합,기회균형특별전형(사회통합),사회복지학과*,1,11.00:1,0,-,-,
서울대,2024,학생부종합,기회균형특별전형(사회통합),사회학과*,1,15.00:1,0,-,-,
서울대,2024,학생부종합,기회균형특별전형(사회통합),생물교육과*,1,11.00:1,0,-,-,
서울대,2024,학생부종합,기회균형특별전형(사회통합),소비자아동학부(소비자학전공)*,1,9.00:1,0,-,-,
서울대,2024,학생부종합,기회균형특별전형(사회통합),소비자아동학부(아동가족학전공)*,1,8.00:1,0,-,-,
서울대,2024,학생부종합,기회균형특별전형(사회통합),수학교육과*,1,8.00:1,0,-,-,
서울대,2024,학생부종합,기회균형특별전형(사회통합),심리학과*,1,14.00:1,0,-,-,
서울대,2024,학생부종합,기회균형특별전형(사회통합),언론정보학과*,1,11.00:1,0,-,-,
서울대,2024,학생부종합,기회균형특별전형(사회통합),역사교육과*,1,9.00:1,0,-,-,
서울대,2024,학생부종합,기회균형특별전형(사회통합),영어교육과*,1,8.00:1,0,-,-,
서울대,2024,학생부종합,기회균형특별전형(사회통합),윤리교육과*,1,11.00:1,0,-,-,
서울대,2024,학생부종합,기회균형특별전형(사회통합),의류학과*,1,13.00:1,0,-,-,
서울대,2024,학생부종합,기회균형특별전형(사회통합),인문계열,14,10.57:1,0,2.54,2.79,
서울대,2024,학생부종합,기회균형특별전형(사회통합),자유전공학부,6,7.83:1,0,1.25,1.42,
서울대,2024,학생부종합,기회균형특별전형(사회통합),정치외교학부,4,12.00:1,0,1.31,1.31,
서울대,2024,학생부종합,기회균형특별전형(사회통합),지구과학교육과*,1,6.00:1,0,-,-,
서울대,2024,학생부종합,기회균형특별전형(사회통합),지리교육과*,1,13.00:1,0,-,-,
서울대,2024,학생부종합,기회균형특별전형(사회통합),지리학과*,1,8.00:1,0,-,-,
서울대,2024,학생부종합,기회균형특별전형(사회통합),체육교육과*,2,14.50:1,0,-,-,
서울대,2024,학생부종합,기회균형특별전형(사회통합),통계학과*,2,9.50:1,0,-,-,
서울대,2024,학생부종합,기회균형특별전형(사회통합),화학교육과*,1,8.00:1,0,-,-,
서울대,2024,학생부종합,일반전형,경영대학,47,6.96:1,0,1.68,1.95,
서울대,2024,학생부종합,일반전형,경제학부,60,5.60:1,1,1.91,2.32,
서울대,2024,학생부종합,일반전형,고고미술사학과,9,11.11:1,0,2.51,2.94,
서울대,2024,학생부종합,일반전형,교육학과,11,12.73:1,2,1.38,1.49,
서울대,2024,학생부종합,일반전형,국어교육과,9,12.33:1,1,1.44,1.51,
서울대,2024,학생부종합,일반전형,국어국문학과,9,12.11:1,0,1.75,2.35,
서울대,2024,학생부종합,일반전형,노어노문학과,9,8.22:1,1,1.96,2.56,
서울대,2024,학생부종합,일반전형,농경제사회학부,15,11.53:1,0,2.57,2.98,
서울대,2024,학생부종합,일반전형,독어교육과,10,6.80:1,0,2.41,2.43,
서울대,2024,학생부종합,일반전형,독어독문학과,9,7.33:1,0,2.16,2.49,
서울대,2024,학생부종합,일반전형,물리교육과,7,10.86:1,3,2.09,2.43,
서울대,2024,학생부종합,일반전형,미학과,9,12.00:1,0,2.07,2.43,
서울대,2024,학생부종합,일반전형,불어교육과,9,7.22:1,0,2.09,2.43,
서울대,2024,학생부종합,일반전형,불어불문학과,9,8.11:1,0,1.55,1.85,
서울대,2024,학생부종합,일반전형,사회교육과,6,12.00:1,0,1.93,2.46,
서울대,2024,학생부종합,일반전형,사회복지학과,7,14.57:1,0,1.53,2.01,
서울대,2024,학생부종합,일반전형,사회학과,10,17.30:1,0,1.75,2.17,
서울대,2024,학생부종합,일반전형,생물교육과,7,15.71:1,2,2.12,2.18,
서울대,2024,학생부종합,일반전형,서어서문학과,9,8.56:1,0,2.24,2.46,
서울대,2024,학생부종합,일반전형,소비자아동학부(소비자학전공),7,17.14:1,1,1.76,1.77,
서울대,2024,학생부종합,일반전형,소비자아동학부(아동가족학전공),10,14.30:1,0,1.72,1.91,
서울대,2024,학생부종합,일반전형,수학교육과,11,9.64:1,1,1.51,2.02,
서울대,2024,학생부종합,일반전형,심리학과,8,12.50:1,0,2.09,2.28,
서울대,2024,학생부종합,일반전형,아시아언어문명학부,9,11.11:1,0,1.82,1.96,
서울대,2024,학생부종합,일반전형,언론정보학과,13,9.54:1,0,1.61,1.87,
서울대,2024,학생부종합,일반전형,언어학과,9,10.00:1,0,1.85,2.03,
서울대,2024,학생부종합,일반전형,역사교육과,6,9.83:1,0,1.62,2.70,
서울대,2024,학생부종합,일반전형,역사학부,9,14.67:1,0,2.68,2.99,
서울대,2024,학생부종합,일반전형,영어교육과,12,8.67:1,0,1.78,1.83,
서울대,2024,학생부종합,일반전형,영어영문학과,9,12.56:1,0,2.24,2.29,
서울대,2024,학생부종합,일반전형,윤리교육과,9,12.22:1,0,1.53,1.68,
서울대,2024,학생부종합,일반전형,의류학과,12,9.08:1,0,2.02,2.04,
서울대,2024,학생부종합,일반전형,자유전공학부,48,8.85:1,0,1.90,2.21,
서울대,2024,학생부종합,일반전형,정치외교학부,25,12.00:1,0,1.71,1.82,
서울대,2024,학생부종합,일반전형,종교학과,9,11.67:1,0,2.60,2.79,
서울대,2024,학생부종합,일반전형,중어중문학과,9,8.78:1,0,1.76,1.82,
서울대,2024,학생부종합,일반전형,지구과학교육과,9,9.22:1,1,1.78,1.83,
서울대,2024,학생부종합,일반전형,지리교육과,6,10.17:1,0,1.69,1.81,
서울대,2024,학생부종합,일반전형,지리학과,9,10.89:1,0,2.39,2.50,
서울대,2024,학생부종합,일반전형,철학과,9,20.78:1,0,1.89,2.13,
서울대,2024,학생부종합,일반전형,체육교육과,4,33.25:1,0,1.04,1.04,
서울대,2024,학생부종합,일반전형,통계학과,12,8.08:1,0,1.56,1.71,
서울대,2024,학생부종합,일반전형,화학교육과,7,11.71:1,0,1.99,2.16,
서울대,2024,학생부종합,지역균형전형,경영대학,26,2.42:1,0,1.12,1.18,
서울대,2024,학생부종합,지역균형전형,경제학부,12,2.33:1,0,1.09,1.18,
서울대,2024,학생부종합,지역균형전형,국어교육과,5,3.40:1,1,1.03,1.18,
서울대,2024,학생부종합,지역균형전형,농경제사회학부,11,4.09:1,0,1.39,1.42,
서울대,2024,학생부종합,지역균형전형,독어교육과,4,4.50:1,0,1.30,1.30,
서울대,2024,학생부종합,지역균형전형,물리교육과*,3,3.67:1,2,-,-,
서울대,2024,학생부종합,지역균형전형,불어교육과,5,2.40:1,0,1.32,1.32,
서울대,2024,학생부종합,지역균형전형,사회교육과,5,4.40:1,0,1.12,1.13,
서울대,2024,학생부종합,지역균형전형,사회복지학과,6,3.00:1,0,1.32,1.39,
서울대,2024,학생부종합,지역균형전형,사회학과,6,4.33:1,0,1.03,1.07,
서울대,2024,학생부종합,지역균형전형,생물교육과*,5,4.80:1,3,-,-,
서울대,2024,학생부종합,지역균형전형,소비자아동학부(소비자학전공),6,5.83:1,0,1.29,1.35,
서울대,2024,학생부종합,지역균형전형,소비자아동학부(아동가족학전공),5,2.60:1,2,1.15,1.15,
서울대,2024,학생부종합,지역균형전형,수학교육과,4,4.50:1,0,1.22,1.22,
서울대,2024,학생부종합,지역균형전형,심리학과,6,2.50:1,0,1.27,1.30,
서울대,2024,학생부종합,지역균형전형,역사교육과,5,3.00:1,0,1.13,1.31,
서울대,2024,학생부종합,지역균형전형,역사학부,9,2.33:1,1,1.35,1.46,
서울대,2024,학생부종합,지역균형전형,영어교육과,4,3.25:1,1,1.02,1.02,
서울대,2024,학생부종합,지역균형전형,윤리교육과*,3,6.33:1,1,-,-,
서울대,2024,학생부종합,지역균형전형,의류학과,9,2.44:1,0,1.48,1.60,
서울대,2024,학생부종합,지역균형전형,인문계열,27,4.81:1,3,1.20,1.31,
서울대,2024,학생부종합,지역균형전형,자유전공학부,20,4.15:1,7,1.24,1.28,
서울대,2024,학생부종합,지역균형전형,정치외교학부,17,3.35:1,2,1.12,1.13,
서울대,2024,학생부종합,지역균형전형,지구과학교육과*,3,4.33:1,1,-,-,
서울대,2024,학생부종합,지역균형전형,지리교육과,5,3.80:1,1,1.20,1.30,
서울대,2024,학생부종합,지역균형전형,지리학과,6,2.17:1,1,1.26,1.42,
서울대,2024,학생부종합,지역균형전형,체육교육과*,2,6.00:1,0,-,-,
서울대,2024,학생부종합,지역균형전형,통계학과,7,3.71:1,0,1.26,1.26,
서울대,2024,학생부종합,지역균형전형,화학교육과,6,5.00:1,0,1.27,1.27,
서울대,2025,학생부종합,기회균형특별전형(사회통합),경영대학,7,11.14:1,0,1.25,1.46,
서울대,2025,학생부종합,기회균형특별전형(사회통합),경제학부,8,7.13:1,1,1.72,1.95,
서울대,2025,학생부종합,기회균형특별전형(사회통합),교육학과,1,14.00:1,0,-,-,
서울대,2025,학생부종합,기회균형특별전형(사회통합),국어교육과,1,9.00:1,0,-,-,
서울대,2025,학생부종합,기회균형특별전형(사회통합),농경제사회학부,2,12.00:1,0,-,-,
서울대,2025,학생부종합,기회균형특별전형(사회통합),독어교육과,1,6.00:1,0,-,-,
서울대,2025,학생부종합,기회균형특별전형(사회통합),물리교육과,1,7.00:1,0,-,-,
서울대,2025,학생부종합,기회균형특별전형(사회통합),불어교육과,1,5.00:1,0,-,-,
서울대,2025,학생부종합,기회균형특별전형(사회통합),사회교육과,1,9.00:1,0,-,-,
서울대,2025,학생부종합,기회균형특별전형(사회통합),사회복지학과,1,21.00:1,0,-,-,
서울대,2025,학생부종합,기회균형특별전형(사회통합),사회학과,1,21.00:1,0,-,-,
서울대,2025,학생부종합,기회균형특별전형(사회통합),생물교육과,1,10.00:1,1,-,-,
서울대,2025,학생부종합,기회균형특별전형(사회통합),소비자아동학부 소비자학전공,1,12.00:1,0,-,-,
서울대,2025,학생부종합,기회균형특별전형(사회통합),소비자아동학부 아동가족학전공,1,10.00:1,0,-,-,
서울대,2025,학생부종합,기회균형특별전형(사회통합),수학교육과,1,11.00:1,0,-,-,
서울대,2025,학생부종합,기회균형특별전형(사회통합),심리학과,1,12.00:1,0,-,-,
서울대,2025,학생부종합,기회균형특별전형(사회통합),언론정보학과,1,13.00:1,1,-,-,
서울대,2025,학생부종합,기회균형특별전형(사회통합),역사교육과,1,12.00:1,1,-,-,
서울대,2025,학생부종합,기회균형특별전형(사회통합),영어교육과,1,8.00:1,0,-,-,
서울대,2025,학생부종합,기회균형특별전형(사회통합),윤리교육과,1,10.00:1,0,-,-,
서울대,2025,학생부종합,기회균형특별전형(사회통합),의류학과,1,10.00:1,0,-,-,
서울대,2025,학생부종합,기회균형특별전형(사회통합),인문계열,14,14.21:1,0,1.59,1.67,
서울대,2025,학생부종합,기회균형특별전형(사회통합),자유전공학부,6,12.50:1,1,1.59,1.66,
서울대,2025,학생부종합,기회균형특별전형(사회통합),정치외교학부,4,11.50:1,0,1.55,1.55,
서울대,2025,학생부종합,기회균형특별전형(사회통합),지구과학교육과,1,8.00:1,0,-,-,
서울대,2025,학생부종합,기회균형특별전형(사회통합),지리교육과,1,7.00:1,0,-,-,
서울대,2025,학생부종합,기회균형특별전형(사회통합),지리학과,1,6.00:1,0,-,-,
서울대,2025,학생부종합,기회균형특별전형(사회통합),체육교육과,2,15.50:1,0,-,-,
서울대,2025,학생부종합,기회균형특별전형(사회통합),통계학과,2,7.50:1,0,-,-,
서울대,2025,학생부종합,기회균형특별전형(사회통합),화학교육과,1,8.00:1,0,-,-,
서울대,2025,학생부종합,일반전형,경영대학,47,6.17:1,1,1.73,1.85,
서울대,2025,학생부종합,일반전형,경제학부,60,5.57:1,0,1.84,2.03,
서울대,2025,학생부종합,일반전형,고고미술사학과,9,11.33:1,0,2.14,2.64,
서울대,2025,학생부종합,일반전형,교육학과,11,9.73:1,1,1.66,1.74,
서울대,2025,학생부종합,일반전형,국어교육과,9,7.67:1,0,1.50,1.55,
서울대,2025,학생부종합,일반전형,국어국문학과,9,12.56:1,1,1.77,1.86,
서울대,2025,학생부종합,일반전형,노어노문학과,9,7.44:1,0,2.28,2.51,
서울대,2025,학생부종합,일반전형,농경제사회학부,15,13.20:1,0,2.60,2.75,
서울대,2025,학생부종합,일반전형,독어교육과,10,5.40:1,0,2.35,3.25,
서울대,2025,학생부종합,일반전형,독어독문학과,9,6.22:1,0,2.16,2.56,
서울대,2025,학생부종합,일반전형,물리교육과,7,11.29:1,2,1.74,1.88,
서울대,2025,학생부종합,일반전형,미학과,9,13.56:1,0,1.51,2.25,
서울대,2025,학생부종합,일반전형,불어교육과,9,5.89:1,0,2.34,2.51,
서울대,2025,학생부종합,일반전형,불어불문학과,9,5.56:1,0,2.09,2.10,
서울대,2025,학생부종합,일반전형,사회교육과,6,13.17:1,0,1.49,1.50,
서울대,2025,학생부종합,일반전형,사회복지학과,6,15.67:1,0,1.73,2.31,
서울대,2025,학생부종합,일반전형,사회학과,10,18.50:1,0,1.90,2.05,
서울대,2025,학생부종합,일반전형,생물교육과,7,16.57:1,1,2.13,2.13,
서울대,2025,학생부종합,일반전형,서어서문학과,9,7.22:1,0,2.56,2.87,
서울대,2025,학생부종합,일반전형,소비자아동학부 소비자학전공,8,14.25:1,3,1.47,1.51,
서울대,2025,학생부종합,일반전형,소비자아동학부 아동가족학전공,10,12.20:1,0,1.92,2.20,
서울대,2025,학생부종합,일반전형,수학교육과,11,11.18:1,0,1.91,2.04,
서울대,2025,학생부종합,일반전형,심리학과,8,14.00:1,0,1.90,2.07,
서울대,2025,학생부종합,일반전형,아시아언어문명학부,9,9.89:1,1,1.71,1.95,
서울대,2025,학생부종합,일반전형,언론정보학과,13,9.15:1,0,1.41,1.90,
서울대,2025,학생부종합,일반전형,언어학과,9,9.22:1,0,1.92,2.02,
서울대,2025,학생부종합,일반전형,역사교육과,6,10.67:1,0,1.51,1.53,
서울대,2025,학생부종합,일반전형,역사학부,9,14.44:1,0,2.22,2.36,
서울대,2025,학생부종합,일반전형,영어교육과,12,6.83:1,0,1.66,1.81,
서울대,2025,학생부종합,일반전형,영어영문학과,9,11.78:1,2,2.02,2.18,
서울대,2025,학생부종합,일반전형,윤리교육과,9,11.11:1,0,1.42,2.04,
서울대,2025,학생부종합,일반전형,의류학과,12,9.08:1,1,2.22,2.29,
서울대,2025,학생부종합,일반전형,자유전공학부,48,11.42:1,1,1.98,2.34,
서울대,2025,학생부종합,일반전형,정치외교학부,25,10.48:1,3,1.73,2.02,
서울대,2025,학생부종합,일반전형,종교학과,9,12.33:1,1,2.66,3.20,
서울대,2025,학생부종합,일반전형,중어중문학과,9,8.00:1,0,1.84,2.32,
서울대,2025,학생부종합,일반전형,지구과학교육과,9,8.44:1,0,1.61,2.24,
서울대,2025,학생부종합,일반전형,지리교육과,6,9.00:1,0,1.82,1.89,
서울대,2025,학생부종합,일반전형,지리학과,9,11.56:1,0,1.86,2.36,
서울대,2025,학생부종합,일반전형,철학과,9,17.89:1,0,1.56,2.29,
서울대,2025,학생부종합,일반전형,체육교육과,4,28.25:1,0,-,-,
서울대,2025,학생부종합,일반전형,통계학과,13,8.15:1,2,-,-,
서울대,2025,학생부종합,일반전형,화학교육과,7,14.14:1,1,1.78,2.79,
서울대,2025,학생부종합,지역균형전형,경영대학,26,2.92:1,0,1.16,1.22,
서울대,2025,학생부종합,지역균형전형,경제학부,7,3.14:1,0,1.09,1.11,
서울대,2025,학생부종합,지역균형전형,국어교육과,5,3.60:1,0,1.14,1.14,
서울대,2025,학생부종합,지역균형전형,농경제사회학부,11,4.64:1,0,1.23,1.23,
서울대,2025,학생부종합,지역균형전형,독어교육과,4,1.50:1,1,1.28,1.28,
서울대,2025,학생부종합,지역균형전형,물리교육과,3,4.00:1,0,-,-,
서울대,2025,학생부종합,지역균형전형,불어교육과,5,1.40:1,0,1.55,1.55,
서울대,2025,학생부종합,지역균형전형,사회교육과,5,2.40:1,0,1.20,1.31,
서울대,2025,학생부종합,지역균형전형,사회복지학과,6,4.00:1,0,1.22,1.32,
서울대,2025,학생부종합,지역균형전형,사회학과,6,4.00:1,1,1.09,1.12,
서울대,2025,학생부종합,지역균형전형,생물교육과,5,3.80:1,0,1.26,1.26,
서울대,2025,학생부종합,지역균형전형,소비자아동학부 소비자학전공,6,4.67:1,0,1.22,1.32,
서울대,2025,학생부종합,지역균형전형,소비자아동학부 아동가족학전공,5,2.40:1,1,1.44,1.44,
서울대,2025,학생부종합,지역균형전형,수학교육과,4,3.75:1,0,1.10,1.10,
서울대,2025,학생부종합,지역균형전형,심리학과,6,2.83:1,1,1.09,1.26,
서울대,2025,학생부종합,지역균형전형,역사교육과,5,1.00:1,0,-,-,
서울대,2025,학생부종합,지역균형전형,역사학부,9,2.44:1,1,1.36,1.43,
서울대,2025,학생부종합,지역균형전형,영어교육과,4,2.50:1,0,1.13,1.13,
서울대,2025,학생부종합,지역균형전형,윤리교육과,3,2.33:1,1,-,-,
서울대,2025,학생부종합,지역균형전형,의류학과,8,2.75:1,0,1.72,1.90,
서울대,2025,학생부종합,지역균형전형,인문계열,28,3.75:1,3,1.33,1.40,
서울대,2025,학생부종합,지역균형전형,자유전공학부,20,5.85:1,1,1.20,1.26,
서울대,2025,학생부종합,지역균형전형,정치외교학부,17,2.59:1,0,1.11,1.21,
서울대,2025,학생부종합,지역균형전형,지구과학교육과,3,3.67:1,0,-,-,
서울대,2025,학생부종합,지역균형전형,지리교육과,5,1.40:1,0,1.37,1.37,
서울대,2025,학생부종합,지역균형전형,지리학과,6,2.33:1,0,1.39,1.39,
서울대,2025,학생부종합,지역균형전형,체육교육과,2,3.50:1,0,-,-,
서울대,2025,학생부종합,지역균형전형,통계학과,6,4.33:1,0,1.13,1.15,
서울대,2025,학생부종합,지역균형전형,화학교육과,6,1.83:1,1,1.44,1.50,
서울대,2026,학생부종합,수시상세,경영대학,7,7,0,1.05,1.18,종합 · 기회균형
서울대,2026,학생부종합,수시상세,경영대학,26,1.88,3,1.15,1.2,종합 · 지역균형
서울대,2026,학생부종합,수시상세,경영대학,47,5.62,0,1.81,1.94,종합 · 일반전형
서울대,2026,학생부종합,수시상세,경제학부,8,7,0,1.36,1.38,종합 · 기회균형
서울대,2026,학생부종합,수시상세,경제학부,7,3.86,2,1.0,1.0,종합 · 지역균형
서울대,2026,학생부종합,수시상세,경제학부,60,4.93,3,1.77,2.11,종합 · 일반전형
서울대,2026,학생부종합,수시상세,고고미술사학과,9,11.44,0,1.98,2.68,종합 · 일반전형
서울대,2026,학생부종합,수시상세,교육학과,1,10,0,,,종합 · 기회균형
서울대,2026,학생부종합,수시상세,교육학과,11,10.09,0,1.88,1.99,종합 · 일반전형
서울대,2026,학생부종합,수시상세,국어교육과,1,7,0,,,종합 · 기회균형
서울대,2026,학생부종합,수시상세,국어교육과,5,2.6,0,1.12,1.14,종합 · 지역균형
서울대,2026,학생부종합,수시상세,국어교육과,9,8.89,0,1.77,1.95,종합 · 일반전형
서울대,2026,학생부종합,수시상세,국어국문학과,9,10.22,0,2.1,2.52,종합 · 일반전형
서울대,2026,학생부종합,수시상세,노어노문학과,9,6,0,1.57,2.16,종합 · 일반전형
서울대,2026,학생부종합,수시상세,농경제사회학부,2,8.5,0,,,종합 · 기회균형
서울대,2026,학생부종합,수시상세,농경제사회학부,11,2.64,0,1.33,1.38,종합 · 지역균형
서울대,2026,학생부종합,수시상세,농경제사회학부,15,11.53,0,2.33,2.45,종합 · 일반전형
서울대,2026,학생부종합,수시상세,농경제사회학부,0,0,"미제출 사유 : 통합모집, 추가 안내자료 참고",,,
서울대,2026,학생부종합,수시상세,독어교육과,1,10,0,,,종합 · 기회균형
서울대,2026,학생부종합,수시상세,독어교육과,4,4.75,0,1.58,1.58,종합 · 지역균형
서울대,2026,학생부종합,수시상세,독어교육과,10,6.5,0,2.43,2.79,종합 · 일반전형
서울대,2026,학생부종합,수시상세,독어독문학과,9,6.44,1,2.19,2.36,종합 · 일반전형
서울대,2026,학생부종합,수시상세,물리교육과,1,8,0,,,종합 · 기회균형
서울대,2026,학생부종합,수시상세,물리교육과,3,4.67,0,,,종합 · 지역균형
서울대,2026,학생부종합,수시상세,물리교육과,7,13.57,1,1.65,1.7,종합 · 일반전형
서울대,2026,학생부종합,수시상세,미학과,9,12.56,0,2.05,2.15,종합 · 일반전형
서울대,2026,학생부종합,수시상세,불어교육과,1,8,0,,,종합 · 기회균형
서울대,2026,학생부종합,수시상세,불어교육과,4,4.5,0,1.56,1.56,종합 · 지역균형
서울대,2026,학생부종합,수시상세,불어교육과,10,5.9,0,2.43,2.62,종합 · 일반전형
서울대,2026,학생부종합,수시상세,불어불문학과,9,6.11,0,2.29,2.37,종합 · 일반전형
서울대,2026,학생부종합,수시상세,사회교육과,1,12,0,,,종합 · 기회균형
서울대,2026,학생부종합,수시상세,사회교육과,5,2.8,1,1.32,1.32,종합 · 지역균형
서울대,2026,학생부종합,수시상세,사회교육과,6,13.17,0,1.67,1.91,종합 · 일반전형
서울대,2026,학생부종합,수시상세,사회복지학과,1,17,0,,,종합 · 기회균형
서울대,2026,학생부종합,수시상세,사회복지학과,6,5,0,1.28,1.3,종합 · 일반전형
서울대,2026,학생부종합,수시상세,사회복지학과,7,15.57,0,2.34,2.36,종합 · 지역균형
서울대,2026,학생부종합,수시상세,사회학과,1,14,0,,,종합 · 기회균형
서울대,2026,학생부종합,수시상세,사회학과,6,3,0,1.08,1.22,종합 · 지역균형
서울대,2026,학생부종합,수시상세,사회학과,10,16.5,1,1.77,1.93,종합 · 일반전형
서울대,2026,학생부종합,수시상세,생물교육과,1,9,0,,,종합 · 기회균형
서울대,2026,학생부종합,수시상세,생물교육과,5,4.2,3,,,종합 · 지역균형
서울대,2026,학생부종합,수시상세,생물교육과,7,14.86,0,1.76,2.1,종합 · 일반전형
서울대,2026,학생부종합,수시상세,서어서문학과,9,6.89,0,1.77,1.9,종합 · 일반전형
서울대,2026,학생부종합,수시상세,소비자아동학부(소비자학전공),1,12,0,,,종합 · 기회균형
서울대,2026,학생부종합,수시상세,소비자아동학부(소비자학전공),6,4.67,0,1.22,1.23,종합 · 지역균형
서울대,2026,학생부종합,수시상세,소비자아동학부(소비자학전공),8,11.25,0,1.66,1.98,종합 · 일반전형
서울대,2026,학생부종합,수시상세,소비자아동학부(아동가족학전공),1,10,0,,,종합 · 기회균형
서울대,2026,학생부종합,수시상세,소비자아동학부(아동가족학전공),5,2.8,0,1.36,1.57,종합 · 지역균형
서울대,2026,학생부종합,수시상세,소비자아동학부(아동가족학전공),10,10.4,0,2.3,2.45,종합 · 일반전형
서울대,2026,학생부종합,수시상세,수학교육과,1,20,0,,,종합 · 기회균형
서울대,2026,학생부종합,수시상세,수학교육과,4,2.25,1,1.05,1.05,종합 · 지역균형
서울대,2026,학생부종합,수시상세,수학교육과,11,12.09,1,1.52,1.59,종합 · 일반전형
서울대,2026,학생부종합,수시상세,심리학과,1,12,0,,,종합 · 기회균형
서울대,2026,학생부종합,수시상세,심리학과,6,2.5,0,1.28,1.29,종합 · 지역균형
서울대,2026,학생부종합,수시상세,심리학과,8,11.25,0,1.83,2.2,종합 · 일반전형
서울대,2026,학생부종합,수시상세,아시아언어문명학부,9,9.89,0,1.58,2.09,종합 · 일반전형
서울대,2026,학생부종합,수시상세,언론정보학과,1,12,0,,,종합 · 기회균형
서울대,2026,학생부종합,수시상세,언론정보학과,12,9.58,0,1.5,1.67,종합 · 일반전형
서울대,2026,학생부종합,수시상세,언어학과,9,9,0,1.57,1.98,종합 · 일반전형
서울대,2026,학생부종합,수시상세,역사교육과,1,10,0,,,종합 · 기회균형
서울대,2026,학생부종합,수시상세,역사교육과,5,2,0,1.41,1.45,종합 · 지역균형
서울대,2026,학생부종합,수시상세,역사교육과,6,8.17,0,1.64,1.67,종합 · 일반전형
서울대,2026,학생부종합,수시상세,역사학부,9,1.89,0,1.37,1.46,종합 · 일반전형
서울대,2026,학생부종합,수시상세,역사학부,9,12.22,0,1.47,2.38,종합 · 지역균형
서울대,2026,학생부종합,수시상세,영어교육과,1,10,0,,,종합 · 기회균형
서울대,2026,학생부종합,수시상세,영어교육과,4,3,0,1.26,1.26,종합 · 지역균형
서울대,2026,학생부종합,수시상세,영어교육과,12,7.25,1,1.78,2.34,종합 · 일반전형
서울대,2026,학생부종합,수시상세,영어영문학과,9,9.22,1,1.9,2.1,종합 · 일반전형
서울대,2026,학생부종합,수시상세,윤리교육과,1,12,0,,,종합 · 기회균형
서울대,2026,학생부종합,수시상세,윤리교육과,3,3.33,2,,,종합 · 지역균형
서울대,2026,학생부종합,수시상세,윤리교육과,9,10.78,0,1.69,1.73,종합 · 일반전형
서울대,2026,학생부종합,수시상세,의류학과,1,10,0,,,종합 · 기회균형
서울대,2026,학생부종합,수시상세,의류학과,9,3.44,0,1.39,1.44,종합 · 지역균형
서울대,2026,학생부종합,수시상세,의류학과,12,9.08,0,2.03,2.23,종합 · 일반전형
서울대,2026,학생부종합,수시상세,인문계열,14,10.43,1,1.55,1.67,종합 · 기회균형
서울대,2026,학생부종합,수시상세,인문계열,27,4.44,1,1.33,1.39,종합 · 지역균형
서울대,2026,학생부종합,수시상세,자유전공학부,6,11.17,0,1.34,2.15,종합 · 기회균형
서울대,2026,학생부종합,수시상세,자유전공학부,20,6.35,5,1.17,1.21,종합 · 지역균형
서울대,2026,학생부종합,수시상세,자유전공학부,48,10.35,2,1.9,2.19,종합 · 일반전형
서울대,2026,학생부종합,수시상세,정치외교학부,4,11.75,0,1.2,1.2,종합 · 기회균형
서울대,2026,학생부종합,수시상세,정치외교학부,17,3.71,1,1.09,1.15,종합 · 지역균형
서울대,2026,학생부종합,수시상세,정치외교학부,25,10.4,1,1.81,1.98,종합 · 일반전형
서울대,2026,학생부종합,수시상세,종교학과,9,15.33,0,2.37,2.49,종합 · 일반전형
서울대,2026,학생부종합,수시상세,중어중문학과,9,7.44,0,2.12,2.36,종합 · 일반전형
서울대,2026,학생부종합,수시상세,지구과학교육과,1,11,0,,,종합 · 기회균형
서울대,2026,학생부종합,수시상세,지구과학교육과,3,3.33,0,,,종합 · 지역균형
서울대,2026,학생부종합,수시상세,지구과학교육과,9,7.78,2,2.01,2.36,종합 · 일반전형
서울대,2026,학생부종합,수시상세,지리교육과,1,8,0,,,종합 · 기회균형
서울대,2026,학생부종합,수시상세,지리교육과,5,2.6,2,1.59,1.62,종합 · 지역균형
서울대,2026,학생부종합,수시상세,지리교육과,6,10.17,0,1.91,2.44,종합 · 일반전형
서울대,2026,학생부종합,수시상세,지리학과,1,11,0,,,종합 · 기회균형
서울대,2026,학생부종합,수시상세,지리학과,6,2.67,0,1.38,1.44,종합 · 지역균형
서울대,2026,학생부종합,수시상세,지리학과,9,9.89,0,2.0,2.34,종합 · 일반전형
서울대,2026,학생부종합,수시상세,철학과,9,15.56,0,1.85,2.36,종합 · 일반전형
서울대,2026,학생부종합,수시상세,체육교육과,2,13,0,,,종합 · 기회균형
서울대,2026,학생부종합,수시상세,체육교육과,2,7,0,,,종합 · 지역균형
서울대,2026,학생부종합,수시상세,체육교육과,4,26.25,0,,,종합 · 일반전형
서울대,2026,학생부종합,수시상세,통계학과,2,9,0,,,종합 · 기회균형
서울대,2026,학생부종합,수시상세,통계학과,6,2.5,0,1.21,1.21,종합 · 지역균형
서울대,2026,학생부종합,수시상세,통계학과,13,6.92,1,,,종합 · 일반전형
서울대,2026,학생부종합,수시상세,화학교육과,1,8,0,,,종합 · 기회균형
서울대,2026,학생부종합,수시상세,화학교육과,6,4.33,1,1.25,1.43,종합 · 지역균형
서울대,2026,학생부종합,수시상세,화학교육과,7,12.86,0,2.12,2.18,종합 · 일반전형
연세대,2021,학생부종합,국제형(국내고),아시아학전공,20,5.40 : 1,6,3.5X,3.9X,
연세대,2021,학생부종합,국제형(국내고),융합인문사회과학부(HASS),107,7.67 : 1,84,2.9X,3.3X,
연세대,2021,학생부종합,기회균형,경영학과,10,5.60 : 1,7,1.6X,3.0X,
연세대,2021,학생부종합,기회균형,경제학부,6,6.17 : 1,4,1.3X,1.4X,
연세대,2021,학생부종합,활동우수형,경영학과,78,6.94 : 1,50,1.7X,2.0X,
연세대,2021,학생부종합,활동우수형,경제학부,50,7.14 : 1,40,1.6X,1.9X,
연세대,2021,학생부종합,활동우수형,교육학부,15,7.73 : 1,17,1.4X,1.4X,
연세대,2021,학생부종합,활동우수형,국어국문학과,13,7.31 : 1,11,1.7X,2.0X,
연세대,2021,학생부종합,활동우수형,글로벌융합공학부,15,7.87 : 1,13,3.2X,3.6X,
연세대,2021,학생부종합,활동우수형,노어노문학과,8,5.75 : 1,6,2.7X,2.8X,
연세대,2021,학생부종합,활동우수형,독어독문학과,8,5.50 : 1,6,2.5X,2.6X,
연세대,2021,학생부종합,활동우수형,문헌정보학과,8,5.38 : 1,6,2.2X,2.2X,
연세대,2021,학생부종합,활동우수형,문화인류학과,4,11.00 : 1,4,1.9X,2.4X,
연세대,2021,학생부종합,활동우수형,불어불문학과,9,4.78 : 1,8,2.8X,3.1X,
연세대,2021,학생부종합,활동우수형,사학과,13,8.69 : 1,10,1.5X,1.8X,
연세대,2021,학생부종합,활동우수형,사회복지학과,8,6.88 : 1,2,2.0X,2.3X,
연세대,2021,학생부종합,활동우수형,사회학과,11,12.82 : 1,14,1.5X,1.8X,
연세대,2021,학생부종합,활동우수형,사회환경시스템공학부,17,7.88 : 1,21,2.7X,3.9X,
연세대,2021,학생부종합,활동우수형,심리학과,10,9.20 : 1,7,1.6X,2.3X,
연세대,2021,학생부종합,활동우수형,아동·가족학과,11,7.36 : 1,10,1.9X,2.6X,
연세대,2021,학생부종합,활동우수형,언론홍보영상학부,13,10.62 : 1,9,1.3X,1.3X,
연세대,2021,학생부종합,활동우수형,영어영문학과,20,6.95 : 1,25,1.8X,2.3X,
연세대,2021,학생부종합,활동우수형,응용통계학과,17,7.47 : 1,12,2.4X,2.5X,
연세대,2021,학생부종합,활동우수형,의류환경학과,12,5.33 : 1,10,2.3X,3.3X,
연세대,2021,학생부종합,활동우수형,정치외교학과,23,10.17 : 1,18,1.3X,1.6X,
연세대,2021,학생부종합,활동우수형,중어중문학과,9,8.11 : 1,11,2.3X,2.4X,
연세대,2021,학생부종합,활동우수형,철학과,10,9.80 : 1,8,2.4X,2.8X,
연세대,2021,학생부종합,활동우수형,행정학과,23,9.57 : 1,18,1.6X,2.2X,
연세대,2022,학생부교과,추천형,경영학과,52,4.00 : 1,16,97.24,96.9,
연세대,2022,학생부교과,추천형,경제학부,34,3.59 : 1,14,97.53,96.99,
연세대,2022,학생부교과,추천형,교육학부,10,7.00 : 1,6,98.22,98.19,
연세대,2022,학생부교과,추천형,국어국문학과,9,3.22 : 1,6,97,96.6,
연세대,2022,학생부교과,추천형,노어노문학과,6,3.33 : 1,1,96.4,96.27,
연세대,2022,학생부교과,추천형,독어독문학과,6,5.33 : 1,-,96.67,95.38,
연세대,2022,학생부교과,추천형,문헌정보학과,6,3.67 : 1,2,96.38,95.66,
연세대,2022,학생부교과,추천형,문화인류학과,4,4.00 : 1,3,96.67,96.67,
연세대,2022,학생부교과,추천형,불어불문학과,6,5.50 : 1,1,96.39,94.9,
연세대,2022,학생부교과,추천형,사학과,9,3.78 : 1,4,96.63,94.67,
연세대,2022,학생부교과,추천형,사회복지학과,5,3.60 : 1,1,97.17,96.83,
연세대,2022,학생부교과,추천형,사회학과,7,5.14 : 1,2,97.49,97.2,
연세대,2022,학생부교과,추천형,사회환경시스템공학부,14,4.71 : 1,5,95.72,94.69,
연세대,2022,학생부교과,추천형,심리학과,7,4.00 : 1,4,97.4,97.09,
연세대,2022,학생부교과,추천형,아동·가족학과,4,3.00 : 1,1,96.42,96.42,
연세대,2022,학생부교과,추천형,언론홍보영상학부,8,4.63 : 1,4,97.75,97.65,
연세대,2022,학생부교과,추천형,영어영문학과,14,3.86 : 1,4,96.61,96.4,
연세대,2022,학생부교과,추천형,응용통계학과,11,3.73 : 1,3,97.47,97.41,
연세대,2022,학생부교과,추천형,의류환경학과,4,5.25 : 1,-,97.63,97.63,
연세대,2022,학생부교과,추천형,정치외교학과,15,5.33 : 1,9,97.83,97.34,
연세대,2022,학생부교과,추천형,중어중문학과,6,5.67 : 1,4,95.7,95.12,
연세대,2022,학생부교과,추천형,철학과,7,3.71 : 1,2,97.59,95.49,
연세대,2022,학생부교과,추천형,행정학과,15,4.13 : 1,7,97.71,96.79,
연세대,2022,학생부종합,국제형(국내고),아시아학전공,20,6.75 : 1,1,3.38,3.43,
연세대,2022,학생부종합,국제형(국내고),융합인문사회과학부 (HASS),107,8.29 : 1,8,3.05,3.3,
연세대,2022,학생부종합,기회균형Ⅰ,경영학과,8,7.50 : 1,1,1.25,1.33,
연세대,2022,학생부종합,기회균형Ⅰ,경제학부,5,6.20 : 1,1,1.23,1.23,
연세대,2022,학생부종합,기회균형Ⅰ,교육학부,2,9.00 : 1,1,-,-,
연세대,2022,학생부종합,기회균형Ⅰ,국어국문학과,1,7.00 : 1,-,-,-,
연세대,2022,학생부종합,기회균형Ⅰ,노어노문학과,1,7.00 : 1,-,-,-,
연세대,2022,학생부종합,기회균형Ⅰ,독어독문학과,1,6.00 : 1,-,-,-,
연세대,2022,학생부종합,기회균형Ⅰ,문헌정보학과,1,5.00 : 1,-,-,-,
연세대,2022,학생부종합,기회균형Ⅰ,불어불문학과,1,7.00 : 1,-,-,-,
연세대,2022,학생부종합,기회균형Ⅰ,사학과,1,9.00 : 1,1,-,-,
연세대,2022,학생부종합,기회균형Ⅰ,사회복지학과,1,6.00 : 1,1,-,-,
연세대,2022,학생부종합,기회균형Ⅰ,사회학과,1,9.00 : 1,1,-,-,
연세대,2022,학생부종합,기회균형Ⅰ,사회환경시스템공학부,2,5.00 : 1,-,-,-,
연세대,2022,학생부종합,기회균형Ⅰ,심리학과,1,11.00 : 1,1,-,-,
연세대,2022,학생부종합,기회균형Ⅰ,아동·가족학과,1,10.00 : 1,1,-,-,
연세대,2022,학생부종합,기회균형Ⅰ,언론홍보영상학부,1,13.00 : 1,-,-,-,
연세대,2022,학생부종합,기회균형Ⅰ,영어영문학과,2,7.00 : 1,-,-,-,
연세대,2022,학생부종합,기회균형Ⅰ,응용통계학과,2,7.00 : 1,2,-,-,
연세대,2022,학생부종합,기회균형Ⅰ,정치외교학과,2,8.00 : 1,2,-,-,
연세대,2022,학생부종합,기회균형Ⅰ,중어중문학과,1,5.00 : 1,-,-,-,
연세대,2022,학생부종합,기회균형Ⅰ,철학과,1,7.00 : 1,-,-,-,
연세대,2022,학생부종합,기회균형Ⅰ,행정학과,2,10.00 : 1,-,-,-,
연세대,2022,학생부종합,기회균형Ⅱ,경영학과,4,6.25 : 1,-,2.09,2.09,
연세대,2022,학생부종합,기회균형Ⅱ,경제학부,2,6.00 : 1,-,-,-,
연세대,2022,학생부종합,기회균형Ⅱ,사회환경시스템공학부,2,4.50 : 1,-,-,-,
연세대,2022,학생부종합,기회균형Ⅱ,영어영문학과,2,6.50 : 1,-,-,-,
연세대,2022,학생부종합,기회균형Ⅱ,정치외교학과,2,8.00 : 1,-,-,-,
연세대,2022,학생부종합,기회균형Ⅱ,행정학과,2,6.00 : 1,-,-,-,
연세대,2022,학생부종합,활동우수형,경영학과,44,10.50 : 1,48,1.91,2.36,
연세대,2022,학생부종합,활동우수형,경제학부,28,9.25 : 1,25,1.6,1.75,
연세대,2022,학생부종합,활동우수형,교육학부,9,9.89 : 1,11,-,-,
연세대,2022,학생부종합,활동우수형,국어국문학과,7,13.00 : 1,7,1.64,1.69,
연세대,2022,학생부종합,활동우수형,글로벌융합공학부,15,9.93 : 1,8,1.92,2.15,
연세대,2022,학생부종합,활동우수형,노어노문학과,5,7.80 : 1,4,-,-,
연세대,2022,학생부종합,활동우수형,독어독문학과,5,6.00 : 1,5,-,-,
연세대,2022,학생부종합,활동우수형,문헌정보학과,5,8.20 : 1,3,1.86,1.9,
연세대,2022,학생부종합,활동우수형,문화인류학과,2,11.00 : 1,1,-,-,
연세대,2022,학생부종합,활동우수형,불어불문학과,5,10.80 : 1,4,2.09,2.97,
연세대,2022,학생부종합,활동우수형,사학과,7,11.43 : 1,6,2.51,2.71,
연세대,2022,학생부종합,활동우수형,사회복지학과,4,13.25 : 1,0,1.36,1.36,
연세대,2022,학생부종합,활동우수형,사회학과,6,16.17 : 1,7,1.63,1.67,
연세대,2022,학생부종합,활동우수형,사회환경시스템공학부,11,11.36 : 1,11,1.88,2.02,
연세대,2022,학생부종합,활동우수형,심리학과,6,11.17 : 1,5,-,-,
연세대,2022,학생부종합,활동우수형,아동·가족학과,11,7.09 : 1,8,1.78,2.14,
연세대,2022,학생부종합,활동우수형,언론홍보영상학부,7,14.71 : 1,7,1.32,1.37,
연세대,2022,학생부종합,활동우수형,영어영문학과,12,9.75 : 1,9,1.64,1.94,
연세대,2022,학생부종합,활동우수형,응용통계학과,9,15.11 : 1,2,2.1,2.18,
연세대,2022,학생부종합,활동우수형,의류환경학과,12,7.75 : 1,3,2.15,2.18,
연세대,2022,학생부종합,활동우수형,정치외교학과,13,12.23 : 1,13,1.56,1.59,
연세대,2022,학생부종합,활동우수형,중어중문학과,5,10.20 : 1,1,-,-,
연세대,2022,학생부종합,활동우수형,철학과,6,14.50 : 1,5,-,-,
연세대,2022,학생부종합,활동우수형,행정학과,13,10.85 : 1,13,1.52,1.97,
연세대,2023,학생부교과,추천형,경영학과,52,4.42 : 1,26,97.41,96.93,
연세대,2023,학생부교과,추천형,경제학부,34,3.59 : 1,19,97.63,97.11,
연세대,2023,학생부교과,추천형,교육학부,10,3.80 : 1,9,97.44,97.28,
연세대,2023,학생부교과,추천형,국어국문학과,9,4.44 : 1,10,96.9,96.9,
연세대,2023,학생부교과,추천형,노어노문학과,6,7.17 : 1,2,96.31,94.14,
연세대,2023,학생부교과,추천형,독어독문학과,6,8.67 : 1,5,96.51,96.23,
연세대,2023,학생부교과,추천형,문헌정보학과,6,5.83 : 1,1,97.4,97.2,
연세대,2023,학생부교과,추천형,문화인류학과,4,11.50 : 1,2,97.66,97.66,
연세대,2023,학생부교과,추천형,불어불문학과,6,6.67 : 1,3,96,95.37,
연세대,2023,학생부교과,추천형,사학과,9,7.67 : 1,5,96.84,96.71,
연세대,2023,학생부교과,추천형,사회복지학과,5,4.00 : 1,1,97.88,97.28,
연세대,2023,학생부교과,추천형,사회학과,7,3.57 : 1,4,97.37,97.35,
연세대,2023,학생부교과,추천형,사회환경시스템공학부,14,7.93 : 1,4,96.4,96.1,
연세대,2023,학생부교과,추천형,심리학과,7,4.00 : 1,9,97.66,97.15,
연세대,2023,학생부교과,추천형,아동·가족학과,4,5.00 : 1,2,96.82,96.82,
연세대,2023,학생부교과,추천형,언론홍보영상학부,8,4.25 : 1,6,97.63,97.31,
연세대,2023,학생부교과,추천형,영어영문학과,14,5.57 : 1,7,96.87,96.44,
연세대,2023,학생부교과,추천형,응용통계학과,11,3.55 : 1,10,97.33,96.74,
연세대,2023,학생부교과,추천형,의류환경학과,4,3.75 : 1,2,96.81,96.81,
연세대,2023,학생부교과,추천형,정치외교학과,15,3.67 : 1,6,97.88,97.46,
연세대,2023,학생부교과,추천형,중어중문학과,6,5.67 : 1,3,96.85,94.72,
연세대,2023,학생부교과,추천형,철학과,7,5.86 : 1,7,96.51,96.26,
연세대,2023,학생부교과,추천형,행정학과,15,4.07 : 1,13,97.63,97.3,
연세대,2023,학생부종합,국제형(국내고),아시아학전공,20,9.20 : 1,3,2.88,3.17,
연세대,2023,학생부종합,국제형(국내고),융합인문사회과학부 (HASS),107,8.72 : 1,29,2.54,2.94,
연세대,2023,학생부종합,기회균형Ⅰ,경영학과,8,7.75 : 1,10,1.67,1.75,
연세대,2023,학생부종합,기회균형Ⅰ,경제학부,5,5.60 : 1,4,1.25,1.5,
연세대,2023,학생부종합,기회균형Ⅰ,교육학부,2,7.00 : 1,3,-,-,
연세대,2023,학생부종합,기회균형Ⅰ,국어국문학과,1,12.00 : 1,-,-,-,
연세대,2023,학생부종합,기회균형Ⅰ,노어노문학과,1,9.00 : 1,-,-,-,
연세대,2023,학생부종합,기회균형Ⅰ,독어독문학과,1,6.00 : 1,-,-,-,
연세대,2023,학생부종합,기회균형Ⅰ,문헌정보학과,1,8.00 : 1,1,-,-,
연세대,2023,학생부종합,기회균형Ⅰ,불어불문학과,1,5.00 : 1,-,-,-,
연세대,2023,학생부종합,기회균형Ⅰ,사학과,1,6.00 : 1,-,-,-,
연세대,2023,학생부종합,기회균형Ⅰ,사회복지학과,1,10.00 : 1,-,-,-,
연세대,2023,학생부종합,기회균형Ⅰ,사회학과,1,7.00 : 1,-,-,-,
연세대,2023,학생부종합,기회균형Ⅰ,사회환경시스템공학부,2,6.00 : 1,-,-,-,
연세대,2023,학생부종합,기회균형Ⅰ,심리학과,1,8.00 : 1,-,-,-,
연세대,2023,학생부종합,기회균형Ⅰ,아동·가족학과,1,6.00 : 1,-,-,-,
연세대,2023,학생부종합,기회균형Ⅰ,언론홍보영상학부,1,8.00 : 1,1,-,-,
연세대,2023,학생부종합,기회균형Ⅰ,영어영문학과,2,7.50 : 1,4,-,-,
연세대,2023,학생부종합,기회균형Ⅰ,응용통계학과,2,5.00 : 1,-,-,-,
연세대,2023,학생부종합,기회균형Ⅰ,정치외교학과,2,12.00 : 1,1,-,-,
연세대,2023,학생부종합,기회균형Ⅰ,중어중문학과,1,7.00 : 1,-,-,-,
연세대,2023,학생부종합,기회균형Ⅰ,철학과,1,6.00 : 1,1,-,-,
연세대,2023,학생부종합,기회균형Ⅰ,행정학과,2,7.00 : 1,2,-,-,
연세대,2023,학생부종합,기회균형Ⅱ,경영학과,4,7.75 : 1,-,1.43,1.43,
연세대,2023,학생부종합,기회균형Ⅱ,경제학부,2,6.50 : 1,-,-,-,
연세대,2023,학생부종합,기회균형Ⅱ,사회환경시스템공학부,2,5.00 : 1,-,-,-,
연세대,2023,학생부종합,기회균형Ⅱ,영어영문학과,2,7.00 : 1,1,-,-,
연세대,2023,학생부종합,기회균형Ⅱ,정치외교학과,2,9.00 : 1,-,-,-,
연세대,2023,학생부종합,기회균형Ⅱ,행정학과,2,7.00 : 1,-,-,-,
연세대,2023,학생부종합,활동우수형,경영학과,44,9.34 : 1,52,1.64,1.94,
연세대,2023,학생부종합,활동우수형,경제학부,28,7.86 : 1,24,1.4,1.89,
연세대,2023,학생부종합,활동우수형,교육학부,9,10.11 : 1,7,1.52,1.58,
연세대,2023,학생부종합,활동우수형,국어국문학과,7,9.00 : 1,2,1.66,1.81,
연세대,2023,학생부종합,활동우수형,노어노문학과,5,7.60 : 1,5,2.46,2.66,
연세대,2023,학생부종합,활동우수형,독어독문학과,5,9.00 : 1,3,-,-,
연세대,2023,학생부종합,활동우수형,문헌정보학과,5,7.00 : 1,1,1.65,2.22,
연세대,2023,학생부종합,활동우수형,문화인류학과,2,12.50 : 1,1,-,-,
연세대,2023,학생부종합,활동우수형,불어불문학과,5,8.60 : 1,5,2.34,2.34,
연세대,2023,학생부종합,활동우수형,사학과,7,10.57 : 1,8,2.79,3,
연세대,2023,학생부종합,활동우수형,사회복지학과,4,7.00 : 1,4,-,-,
연세대,2023,학생부종합,활동우수형,사회학과,6,14.00 : 1,5,-,-,
연세대,2023,학생부종합,활동우수형,사회환경시스템공학부,11,8.55 : 1,10,2.05,2.66,
연세대,2023,학생부종합,활동우수형,심리학과,6,11.17 : 1,6,2.2,2.2,
연세대,2023,학생부종합,활동우수형,아동·가족학과,11,5.64 : 1,10,1.79,1.84,
연세대,2023,학생부종합,활동우수형,언론홍보영상학부,7,10.29 : 1,7,1.49,1.49,
연세대,2023,학생부종합,활동우수형,영어영문학과,12,6.83 : 1,8,1.72,1.81,
연세대,2023,학생부종합,활동우수형,응용통계학과,9,10.67 : 1,5,2.24,2.89,
연세대,2023,학생부종합,활동우수형,의류환경학과,12,6.67 : 1,9,1.91,1.99,
연세대,2023,학생부종합,활동우수형,정치외교학과,13,12.69 : 1,13,1.21,1.46,
연세대,2023,학생부종합,활동우수형,중어중문학과,5,7.00 : 1,1,2.06,2.15,
연세대,2023,학생부종합,활동우수형,철학과,6,11.00 : 1,6,3.3,3.38,
연세대,2023,학생부종합,활동우수형,행정학과,13,8.77 : 1,17,2.08,2.34,
연세대,2024,학생부교과,추천형,경영학과,47,4.30:1,29,97.41,97.01,
연세대,2024,학생부교과,추천형,경제학부,30,3.90:1,24,97.43,97.18,
연세대,2024,학생부교과,추천형,교육학부,10,5.00:1,9,97.4,97.05,
연세대,2024,학생부교과,추천형,국어국문학과,8,4.38:1,3,97.36,96.65,
연세대,2024,학생부교과,추천형,노어노문학과,5,9.80:1,2,96.19,96.19,
연세대,2024,학생부교과,추천형,독어독문학과,5,8.20:1,1,97.12,97.06,
연세대,2024,학생부교과,추천형,문헌정보학과,5,4.80:1,1,96.39,96.27,
연세대,2024,학생부교과,추천형,문화인류학과,4,11.00:1,3,-,-,
연세대,2024,학생부교과,추천형,불어불문학과,6,11.17:1,1,97.2,96.22,
연세대,2024,학생부교과,추천형,사학과,8,6.25:1,10,96.68,96.66,
연세대,2024,학생부교과,추천형,사회복지학과,5,4.20:1,0,96.16,92.59,
연세대,2024,학생부교과,추천형,사회학과,7,5.00:1,3,97.66,97.6,
연세대,2024,학생부교과,추천형,사회환경시스템공학부,12,10.17:1,5,96.65,96.28,
연세대,2024,학생부교과,추천형,심리학과,7,4.43:1,8,96.71,96.65,
연세대,2024,학생부교과,추천형,아동·가족학과,4,9.00:1,4,97.29,97.29,
연세대,2024,학생부교과,추천형,언론홍보영상학부,7,4.43:1,4,97.45,97.45,
연세대,2024,학생부교과,추천형,영어영문학과,13,5.38:1,14,97.23,96.61,
연세대,2024,학생부교과,추천형,응용통계학과,10,5.10:1,2,97,96.26,
연세대,2024,학생부교과,추천형,의류환경학과,4,6.00:1,0,96.99,96.99,
연세대,2024,학생부교과,추천형,정치외교학과,14,4.21:1,14,97.6,97.55,
연세대,2024,학생부교과,추천형,중어중문학과,6,8.33:1,5,96.75,96.74,
연세대,2024,학생부교과,추천형,철학과,6,7.17:1,2,97.22,96.91,
연세대,2024,학생부교과,추천형,행정학과,13,5.38:1,10,97.1,96.68,
연세대,2024,학생부종합,고른기회(특수교육대상자),국어국문학과,8,9.75:1,0,-,-,
연세대,2024,학생부종합,국제형(국내고),아시아학전공,20,10.60:1,0,2.97,3.23,
연세대,2024,학생부종합,국제형(국내고),융합인문사회과학부(HASS),107,11.95:1,0,1.93,2.43,
연세대,2024,학생부종합,기회균형Ⅰ,경영학과,18,6.78:1,19,1.47,1.55,
연세대,2024,학생부종합,기회균형Ⅰ,경제학부,11,5.64:1,9,1.7,2.02,
연세대,2024,학생부종합,기회균형Ⅰ,교육학부,4,12.50:1,2,1.2,1.2,
연세대,2024,학생부종합,기회균형Ⅰ,국어국문학과,3,7.00:1,6,-,-,
연세대,2024,학생부종합,기회균형Ⅰ,노어노문학과,2,7.00:1,0,-,-,
연세대,2024,학생부종합,기회균형Ⅰ,독어독문학과,2,5.50:1,2,-,-,
연세대,2024,학생부종합,기회균형Ⅰ,문헌정보학과,2,7.50:1,1,-,-,
연세대,2024,학생부종합,기회균형Ⅰ,문화인류학과,1,12.00:1,1,-,-,
연세대,2024,학생부종합,기회균형Ⅰ,불어불문학과,2,10.00:1,3,-,-,
연세대,2024,학생부종합,기회균형Ⅰ,사학과,3,8.67:1,2,-,-,
연세대,2024,학생부종합,기회균형Ⅰ,사회복지학과,2,6.50:1,1,-,-,
연세대,2024,학생부종합,기회균형Ⅰ,사회학과,3,7.67:1,1,-,-,
연세대,2024,학생부종합,기회균형Ⅰ,사회환경시스템공학부,5,7.00:1,2,2.01,2.19,
연세대,2024,학생부종합,기회균형Ⅰ,심리학과,3,7.00:1,2,-,-,
연세대,2024,학생부종합,기회균형Ⅰ,아동·가족학과,2,8.50:1,1,-,-,
연세대,2024,학생부종합,기회균형Ⅰ,언론홍보영상학부,3,9.67:1,2,-,-,
연세대,2024,학생부종합,기회균형Ⅰ,영어영문학과,5,6.40:1,2,1.83,1.85,
연세대,2024,학생부종합,기회균형Ⅰ,응용통계학과,4,5.75:1,0,1.88,1.88,
연세대,2024,학생부종합,기회균형Ⅰ,의류환경학과,2,8.50:1,1,-,-,
연세대,2024,학생부종합,기회균형Ⅰ,정치외교학과,6,6.50:1,9,1.39,1.39,
연세대,2024,학생부종합,기회균형Ⅰ,중어중문학과,2,7.50:1,0,-,-,
연세대,2024,학생부종합,기회균형Ⅰ,철학과,2,11.50:1,0,-,-,
연세대,2024,학생부종합,기회균형Ⅰ,행정학과,6,6.00:1,1,1.39,1.88,
연세대,2024,학생부종합,기회균형Ⅱ,경영학과,4,10.50:1,0,1.74,1.74,
연세대,2024,학생부종합,기회균형Ⅱ,경제학부,2,10.00:1,0,-,-,
연세대,2024,학생부종합,기회균형Ⅱ,사회환경시스템공학부,2,9.50:1,0,-,-,
연세대,2024,학생부종합,기회균형Ⅱ,영어영문학과,2,10.50:1,1,-,-,
연세대,2024,학생부종합,기회균형Ⅱ,정치외교학과,2,12.50:1,0,-,-,
연세대,2024,학생부종합,기회균형Ⅱ,행정학과,2,10.50:1,3,-,-,
연세대,2024,학생부종합,활동우수형,경영학과,49,8.29:1,48,1.79,1.92,
연세대,2024,학생부종합,활동우수형,경제학부,32,7.47:1,33,1.73,2.15,
연세대,2024,학생부종합,활동우수형,교육학부,9,11.22:1,9,1.5,1.67,
연세대,2024,학생부종합,활동우수형,국어국문학과,8,8.50:1,7,2.8,2.83,
연세대,2024,학생부종합,활동우수형,노어노문학과,5,9.60:1,6,1.86,1.86,
연세대,2024,학생부종합,활동우수형,독어독문학과,5,9.20:1,3,-,-,
연세대,2024,학생부종합,활동우수형,문헌정보학과,5,10.60:1,3,1.65,1.78,
연세대,2024,학생부종합,활동우수형,문화인류학과,3,11.67:1,3,-,-,
연세대,2024,학생부종합,활동우수형,불어불문학과,6,9.00:1,5,2.64,2.64,
연세대,2024,학생부종합,활동우수형,사학과,8,14.88:1,12,2.64,3.22,
연세대,2024,학생부종합,활동우수형,사회복지학과,5,11.40:1,2,-,-,
연세대,2024,학생부종합,활동우수형,사회학과,7,11.57:1,6,1.58,1.75,
연세대,2024,학생부종합,활동우수형,사회환경시스템공학부,13,14.54:1,6,1.93,1.99,
연세대,2024,학생부종합,활동우수형,심리학과,6,14.50:1,8,1.66,1.66,
연세대,2024,학생부종합,활동우수형,아동·가족학과,11,9.00:1,8,2.1,2.71,
연세대,2024,학생부종합,활동우수형,언론홍보영상학부,8,8.13:1,5,1.6,1.62,
연세대,2024,학생부종합,활동우수형,영어영문학과,12,8.42:1,13,1.56,1.78,
연세대,2024,학생부종합,활동우수형,응용통계학과,10,18.40:1,7,2.06,2.65,
연세대,2024,학생부종합,활동우수형,의류환경학과,10,9.40:1,5,1.87,2,
연세대,2024,학생부종합,활동우수형,정치외교학과,15,9.13:1,11,1.66,1.9,
연세대,2024,학생부종합,활동우수형,중어중문학과,5,9.80:1,3,1.91,2.2,
연세대,2024,학생부종합,활동우수형,철학과,6,26.67:1,13,1.77,2.16,
연세대,2024,학생부종합,활동우수형,행정학과,14,13.57:1,14,1.67,1.67,
연세대,2025,학생부교과,추천형,경영학과,45,5.53 : 1,68,97.81,97.64,
연세대,2025,학생부교과,추천형,경제학부,29,5.34 : 1,32,97.13,96.81,
연세대,2025,학생부교과,추천형,교육학부,9,5.56 : 1,18,95.87,94.6,
연세대,2025,학생부교과,추천형,국어국문학과,8,5.25 : 1,13,97,96.84,
연세대,2025,학생부교과,추천형,노어노문학과,5,8.40 : 1,1,96.6,96.6,
연세대,2025,학생부교과,추천형,독어독문학과,5,7.20 : 1,4,96.66,96.53,
연세대,2025,학생부교과,추천형,문헌정보학과,5,7.00 : 1,8,96.51,96.17,
연세대,2025,학생부교과,추천형,문화인류학과,4,9.00 : 1,3,96.1,96.1,
연세대,2025,학생부교과,추천형,불어불문학과,6,8.83 : 1,7,96.58,96.26,
연세대,2025,학생부교과,추천형,사학과,8,6.13 : 1,11,97.11,96.84,
연세대,2025,학생부교과,추천형,사회복지학과,5,7.00 : 1,5,96.78,96.78,
연세대,2025,학생부교과,추천형,사회학과,6,8.67 : 1,12,96.08,95.54,
연세대,2025,학생부교과,추천형,사회환경시스템공학부,13,11.77 : 1,11,97.08,97.03,
연세대,2025,학생부교과,추천형,심리학과,6,6.33 : 1,5,97.12,96.92,
연세대,2025,학생부교과,추천형,아동·가족학과,5,14.80 : 1,5,97,97,
연세대,2025,학생부교과,추천형,언론홍보영상학부,7,5.14 : 1,9,98.04,98.03,
연세대,2025,학생부교과,추천형,영어영문학과,13,6.00 : 1,13,97.37,97,
연세대,2025,학생부교과,추천형,응용통계학과,7,8.86 : 1,12,97.84,97.35,
연세대,2025,학생부교과,추천형,의류환경학과,5,10.20 : 1,2,96.21,96.21,
연세대,2025,학생부교과,추천형,정치외교학과,14,4.36 : 1,23,97.77,97.5,
연세대,2025,학생부교과,추천형,중어중문학과,5,7.20 : 1,3,96.97,96.97,
연세대,2025,학생부교과,추천형,철학과,6,6.00 : 1,7,97.08,96.98,
연세대,2025,학생부교과,추천형,행정학과,14,5.00 : 1,15,97.69,97.51,
연세대,2025,학생부종합,국제형(국내고),아시아학전공,20,11.80 : 1,20,2.92,3.11,
연세대,2025,학생부종합,국제형(국내고),융합인문사회과학부,100,10.50 : 1,139,1.72,1.8,
연세대,2025,학생부종합,기회균형,경영학과,18,6.22 : 1,12,1.59,1.68,
연세대,2025,학생부종합,기회균형,경제학부,11,5.73 : 1,11,1.74,1.78,
연세대,2025,학생부종합,기회균형,사회환경시스템공학부,5,7.60 : 1,1,1.51,1.82,
연세대,2025,학생부종합,기회균형,영어영문학과,5,7.60 : 1,5,1.67,1.68,
연세대,2025,학생부종합,기회균형,응용통계학과,4,7.75 : 1,2,1.94,1.94,
연세대,2025,학생부종합,기회균형,정치외교학과,6,6.83 : 1,9,1.24,1.39,
연세대,2025,학생부종합,기회균형,행정학과,6,7.50 : 1,3,1.47,1.62,
연세대,2025,학생부종합,활동우수형,경영학과,47,7.87 : 1,58,1.73,1.91,
연세대,2025,학생부종합,활동우수형,경제학부,33,7.06 : 1,30,1.75,2.02,
연세대,2025,학생부종합,활동우수형,교육학부,12,8.42 : 1,6,1.64,1.78,
연세대,2025,학생부종합,활동우수형,국어국문학과,11,9.91 : 1,10,2.57,2.81,
연세대,2025,학생부종합,활동우수형,노어노문학과,6,6.17 : 1,4,1.73,1.91,
연세대,2025,학생부종합,활동우수형,문헌정보학과,6,7.83 : 1,7,1.84,2.98,
연세대,2025,학생부종합,활동우수형,문화인류학과,4,12.50 : 1,3,1.69,1.69,
연세대,2025,학생부종합,활동우수형,불어불문학과,7,6.00 : 1,13,2.73,2.8,
연세대,2025,학생부종합,활동우수형,사학과,9,13.33 : 1,9,2.28,2.36,
연세대,2025,학생부종합,활동우수형,사회복지학과,7,11.86 : 1,6,1.78,1.94,
연세대,2025,학생부종합,활동우수형,사회학과,8,9.50 : 1,13,1.67,1.73,
연세대,2025,학생부종합,활동우수형,사회환경시스템공학부,14,13.21 : 1,12,2.1,2.34,
연세대,2025,학생부종합,활동우수형,심리학과,8,8.38 : 1,7,1.56,1.68,
연세대,2025,학생부종합,활동우수형,아동·가족학과,10,9.20 : 1,14,1.65,1.8,
연세대,2025,학생부종합,활동우수형,언론홍보영상학부,8,9.25 : 1,6,1.99,1.99,
연세대,2025,학생부종합,활동우수형,영어영문학과,16,6.25 : 1,17,1.73,1.87,
연세대,2025,학생부종합,활동우수형,응용통계학과,11,17.73 : 1,6,2,2.03,
연세대,2025,학생부종합,활동우수형,의류환경학과,10,10.10 : 1,5,1.84,1.99,
연세대,2025,학생부종합,활동우수형,정치외교학과,16,8.13 : 1,18,1.63,1.88,
연세대,2025,학생부종합,활동우수형,중어중문학과,7,6.29 : 1,4,2.28,2.41,
연세대,2025,학생부종합,활동우수형,철학과,7,13.86 : 1,7,2.01,2.25,
연세대,2025,학생부종합,활동우수형,행정학과,16,8.63 : 1,19,1.7,2.05,
연세대,2026,학생부교과,수시상세,경영학과,34,4.21,56,1.24,1.28,교과 · 추천형
연세대,2026,학생부교과,수시상세,경제학부,24,5.54,18,1.24,1.26,교과 · 추천형
연세대,2026,학생부교과,수시상세,교육학부,9,9.56,20,1.61,1.62,교과 · 추천형
연세대,2026,학생부교과,수시상세,국어국문학과,7,4.71,9,1.27,1.35,교과 · 추천형
연세대,2026,학생부교과,수시상세,노어노문학과,5,8,7,1.52,1.56,교과 · 추천형
연세대,2026,학생부교과,수시상세,독어독문학과,5,5.4,13,1.47,1.52,교과 · 추천형
연세대,2026,학생부교과,수시상세,문헌정보학과,5,8.6,4,1.33,1.46,교과 · 추천형
연세대,2026,학생부교과,수시상세,문화인류학과,4,9,0,1.27,1.27,교과 · 추천형
연세대,2026,학생부교과,수시상세,불어불문학과,6,6,4,1.46,1.49,교과 · 추천형
연세대,2026,학생부교과,수시상세,사학과,7,6,5,1.38,1.43,교과 · 추천형
연세대,2026,학생부교과,수시상세,사회복지학과,5,9.8,9,1.55,1.55,교과 · 추천형
연세대,2026,학생부교과,수시상세,사회학과,6,8.67,7,1.21,1.26,교과 · 추천형
연세대,2026,학생부교과,수시상세,사회환경시스템공학부,13,6.69,18,1.38,1.38,교과 · 추천형
연세대,2026,학생부교과,수시상세,심리학과,5,5,4,1.35,1.35,교과 · 추천형
연세대,2026,학생부교과,수시상세,아동 가족학과,5,9,4,1.45,1.45,교과 · 추천형
연세대,2026,학생부교과,수시상세,언론홍보영상학부,6,11.33,3,1.38,1.5,교과 · 추천형
연세대,2026,학생부교과,수시상세,영어영문학과,12,5.5,12,1.32,1.35,교과 · 추천형
연세대,2026,학생부교과,수시상세,응용통계학과,7,5.86,12,1.28,1.31,교과 · 추천형
연세대,2026,학생부교과,수시상세,의류환경학과,5,7.2,4,1.18,1.24,교과 · 추천형
연세대,2026,학생부교과,수시상세,정치외교학과,13,3.69,20,1.15,1.2,교과 · 추천형
연세대,2026,학생부교과,수시상세,중어중문학과,5,6.8,3,1.48,1.48,교과 · 추천형
연세대,2026,학생부교과,수시상세,진리 자유학부(인문),19,5.79,19,1.27,1.3,
연세대,2026,학생부교과,수시상세,철학과,6,4.33,7,1.38,1.4,교과 · 추천형
연세대,2026,학생부교과,수시상세,행정학과,12,7.58,18,1.38,1.44,교과 · 추천형
연세대,2026,학생부종합,수시상세,경영학과,15,5.8,6,1.51,1.59,종합 · 기회균형
연세대,2026,학생부종합,수시상세,경영학과,0,0,미제출 사유 : 대상인원 소수로 미제공,,,
연세대,2026,학생부종합,수시상세,경영학과,38,8.13,48,1.62,1.78,종합 · 활동우수형
연세대,2026,학생부종합,수시상세,경제학부,11,5.09,3,1.46,1.57,종합 · 기회균형
연세대,2026,학생부종합,수시상세,경제학부,0,0,미제출 사유 : 대상인원 소수로 미제공,,,
연세대,2026,학생부종합,수시상세,경제학부,32,7.5,35,1.8,2.15,종합 · 활동우수형
연세대,2026,학생부종합,수시상세,교육학부,4,7.5,2,1.2,1.2,종합 · 기회균형
연세대,2026,학생부종합,수시상세,교육학부,0,0,미제출 사유 : 대상인원 소수로 미제공,,,
연세대,2026,학생부종합,수시상세,교육학부,12,8.33,12,1.86,2.76,종합 · 활동우수형
연세대,2026,학생부종합,수시상세,국어국문학과,3,7.33,2,,,종합 · 기회균형
연세대,2026,학생부종합,수시상세,국어국문학과,0,0,미제출 사유 : 대상인원 소수로 미제공,,,
연세대,2026,학생부종합,수시상세,국어국문학과,10,12.3,10,2.01,2.24,종합 · 활동우수형
연세대,2026,학생부종합,수시상세,글로벌인재학부,10,9.9,0,,,
연세대,2026,학생부종합,수시상세,노어노문학과,2,6.5,0,,,종합 · 기회균형
연세대,2026,학생부종합,수시상세,노어노문학과,0,0,미제출 사유 : 대상인원 소수로 미제공,,,
연세대,2026,학생부종합,수시상세,노어노문학과,6,7.67,3,3.06,3.31,종합 · 활동우수형
연세대,2026,학생부종합,수시상세,독어독문학과,2,7.5,1,,,종합 · 기회균형
연세대,2026,학생부종합,수시상세,독어독문학과,0,0,미제출 사유 : 대상인원 소수로 미제공,,,
연세대,2026,학생부종합,수시상세,독어독문학과,6,7.17,11,2.29,2.29,종합 · 활동우수형
연세대,2026,학생부종합,수시상세,문헌정보학과,2,7,0,,,종합 · 기회균형
연세대,2026,학생부종합,수시상세,문헌정보학과,0,0,미제출 사유 : 대상인원 소수로 미제공,,,
연세대,2026,학생부종합,수시상세,문헌정보학과,6,12.17,5,2.56,2.71,종합 · 활동우수형
연세대,2026,학생부종합,수시상세,문화인류학과,1,10,1,,,종합 · 기회균형
연세대,2026,학생부종합,수시상세,문화인류학과,0,0,미제출 사유 : 대상인원 소수로 미제공,,,
연세대,2026,학생부종합,수시상세,문화인류학과,4,8.75,7,2.27,2.27,종합 · 활동우수형
연세대,2026,학생부종합,수시상세,불어불문학과,2,8.5,1,,,종합 · 기회균형
연세대,2026,학생부종합,수시상세,불어불문학과,0,0,미제출 사유 : 대상인원 소수로 미제공,,,
연세대,2026,학생부종합,수시상세,불어불문학과,7,8.14,12,2.59,2.72,종합 · 활동우수형
연세대,2026,학생부종합,수시상세,사학과,3,7.33,4,,,종합 · 기회균형
연세대,2026,학생부종합,수시상세,사학과,0,0,미제출 사유 : 대상인원 소수로 미제공,,,
연세대,2026,학생부종합,수시상세,사학과,9,10.89,10,1.84,2.04,종합 · 활동우수형
연세대,2026,학생부종합,수시상세,사회복지학과,2,6.5,1,,,종합 · 기회균형
연세대,2026,학생부종합,수시상세,사회복지학과,0,0,미제출 사유 : 대상인원 소수로 미제공,,,
연세대,2026,학생부종합,수시상세,사회복지학과,7,8.14,2,1.76,1.86,종합 · 활동우수형
연세대,2026,학생부종합,수시상세,사회학과,3,9.33,4,,,종합 · 기회균형
연세대,2026,학생부종합,수시상세,사회학과,0,0,미제출 사유 : 대상인원 소수로 미제공,,,
연세대,2026,학생부종합,수시상세,사회학과,8,9.25,13,1.76,1.92,종합 · 활동우수형
연세대,2026,학생부종합,수시상세,사회환경시스템공학부,5,8.4,2,2.01,2.24,종합 · 기회균형
연세대,2026,학생부종합,수시상세,사회환경시스템공학부,0,0,미제출 사유 : 대상인원 소수로 미제공,,,
연세대,2026,학생부종합,수시상세,사회환경시스템공학부,14,16.36,9,1.69,1.78,종합 · 활동우수형
연세대,2026,학생부종합,수시상세,심리학과,3,7,1,,,종합 · 기회균형
연세대,2026,학생부종합,수시상세,심리학과,0,0,미제출 사유 : 대상인원 소수로 미제공,,,
연세대,2026,학생부종합,수시상세,심리학과,8,8,5,1.56,1.56,종합 · 활동우수형
연세대,2026,학생부종합,수시상세,아동 가족학과,2,7,1,,,종합 · 기회균형
연세대,2026,학생부종합,수시상세,아동 가족학과,0,0,미제출 사유 : 대상인원 소수로 미제공,,,
연세대,2026,학생부종합,수시상세,아동 가족학과,10,9.2,12,1.88,2.01,종합 · 활동우수형
연세대,2026,학생부종합,수시상세,아시아학전공,20,13.9,24,2.32,2.76,종합 · 국제형
연세대,2026,학생부종합,수시상세,언더우드 생명과학공학전공,5,6,3,,,
연세대,2026,학생부종합,수시상세,언더우드학부,30,5.13,4,,,
연세대,2026,학생부종합,수시상세,언론홍보영상학부,3,9.33,2,,,종합 · 기회균형
연세대,2026,학생부종합,수시상세,언론홍보영상학부,0,0,미제출 사유 : 대상인원 소수로 미제공,,,
연세대,2026,학생부종합,수시상세,언론홍보영상학부,8,8,9,1.66,1.73,종합 · 활동우수형
연세대,2026,학생부종합,수시상세,영어영문학과,5,6.8,2,1.64,2.01,종합 · 기회균형
연세대,2026,학생부종합,수시상세,영어영문학과,0,0,미제출 사유 : 대상인원 소수로 미제공,,,
연세대,2026,학생부종합,수시상세,영어영문학과,15,6.13,20,1.98,2.14,종합 · 활동우수형
연세대,2026,학생부종합,수시상세,융합인문사회과학부,100,11.33,179,1.67,1.79,종합 · 국제형
연세대,2026,학생부종합,수시상세,융합인문사회과학부,30,5.07,1,,,
연세대,2026,학생부종합,수시상세,응용통계학과,4,6.5,2,1.43,1.43,종합 · 기회균형
연세대,2026,학생부종합,수시상세,응용통계학과,0,0,미제출 사유 : 대상인원 소수로 미제공,,,
연세대,2026,학생부종합,수시상세,응용통계학과,11,13.09,7,1.74,2.03,종합 · 활동우수형
연세대,2026,학생부종합,수시상세,의류환경학과,2,8.5,2,,,종합 · 기회균형
연세대,2026,학생부종합,수시상세,의류환경학과,0,0,미제출 사유 : 대상인원 소수로 미제공,,,
연세대,2026,학생부종합,수시상세,의류환경학과,10,9.6,5,1.82,1.87,종합 · 활동우수형
연세대,2026,학생부종합,수시상세,정치외교학과,6,6,6,1.57,1.58,종합 · 기회균형
연세대,2026,학생부종합,수시상세,정치외교학과,0,0,미제출 사유 : 대상인원 소수로 미제공,,,
연세대,2026,학생부종합,수시상세,정치외교학과,16,8.81,21,1.7,2.04,종합 · 활동우수형
연세대,2026,학생부종합,수시상세,중어중문학과,2,7,0,,,종합 · 기회균형
연세대,2026,학생부종합,수시상세,중어중문학과,0,0,미제출 사유 : 대상인원 소수로 미제공,,,
연세대,2026,학생부종합,수시상세,중어중문학과,7,6.57,6,2.97,3.0,종합 · 활동우수형
연세대,2026,학생부종합,수시상세,진리 자유학부(인문),24,11.96,27,2.08,2.44,
연세대,2026,학생부종합,수시상세,철학과,2,9,1,,,종합 · 기회균형
연세대,2026,학생부종합,수시상세,철학과,0,0,미제출 사유 : 대상인원 소수로 미제공,,,
연세대,2026,학생부종합,수시상세,철학과,7,13.57,7,2.01,2.38,종합 · 활동우수형
연세대,2026,학생부종합,수시상세,행정학과,6,7.5,2,1.5,1.52,종합 · 기회균형
연세대,2026,학생부종합,수시상세,행정학과,0,0,미제출 사유 : 대상인원 소수로 미제공,,,
연세대,2026,학생부종합,수시상세,행정학과,16,8.94,13,1.66,1.77,종합 · 활동우수형
고려대,2021,학생부교과,학교추천전형,가정교육과,11,5.91,1,55.7X,60,
고려대,2021,학생부교과,학교추천전형,건축사회환경공학부,29,5.76,13,57.9X,60,
고려대,2021,학생부교과,학교추천전형,경영대학,122,4.12,90,58.9X,60,
고려대,2021,학생부교과,학교추천전형,경제학과,40,4.83,64,58.4X,60,
고려대,2021,학생부교과,학교추천전형,교육학과,15,9.93,41,58.9X,60,
고려대,2021,학생부교과,학교추천전형,국어교육과,13,5.31,19,58.8X,60,
고려대,2021,학생부교과,학교추천전형,국어국문학과,17,4.88,11,58.8X,60,
고려대,2021,학생부교과,학교추천전형,국제학부,5,7.6,1,59.2X,60,
고려대,2021,학생부교과,학교추천전형,노어노문학과,11,3.73,2,57.7X,60,
고려대,2021,학생부교과,학교추천전형,독어독문학과,11,4.18,9,58.1X,60,
고려대,2021,학생부교과,학교추천전형,미디어학부,23,4.7,18,59.0X,60,
고려대,2021,학생부교과,학교추천전형,보건정책관리학부,23,6.52,11,58.7X,60,
고려대,2021,학생부교과,학교추천전형,불어불문학과,12,3.92,4,57.7X,60,
고려대,2021,학생부교과,학교추천전형,사학과,13,4.54,7,58.7X,60,
고려대,2021,학생부교과,학교추천전형,사회학과,23,6.78,25,59.2X,60,
고려대,2021,학생부교과,학교추천전형,산업경영공학부,16,8.31,13,59.0X,60,
고려대,2021,학생부교과,학교추천전형,서어서문학과,14,3.21,6,57.9X,60,
고려대,2021,학생부교과,학교추천전형,수학교육과,11,7.27,10,59.1X,60,
고려대,2021,학생부교과,학교추천전형,식품자원경제학과,17,4.94,8,58.8X,60,
고려대,2021,학생부교과,학교추천전형,심리학부,16,4.5,12,58.8X,60,
고려대,2021,학생부교과,학교추천전형,언어학과,9,6.89,3,58.4X,60,
고려대,2021,학생부교과,학교추천전형,역사교육과,10,7,12,59.2X,60,
고려대,2021,학생부교과,학교추천전형,영어교육과,19,4.26,27,58.5X,60,
고려대,2021,학생부교과,학교추천전형,영어영문학과,31,4.26,16,58.3X,60,
고려대,2021,학생부교과,학교추천전형,자유전공학부,29,4.07,22,59.3X,60,
고려대,2021,학생부교과,학교추천전형,정치외교학과,23,6.74,34,59.3X,60,
고려대,2021,학생부교과,학교추천전형,중어중문학과,16,4.69,4,58.6X,60,
고려대,2021,학생부교과,학교추천전형,지리교육과,11,4.91,18,58.6X,60,
고려대,2021,학생부교과,학교추천전형,철학과,13,6.31,9,58.6X,60,
고려대,2021,학생부교과,학교추천전형,통계학과,21,3.9,14,58.4X,60,
고려대,2021,학생부교과,학교추천전형,한국사학과,7,5.57,0,58.7X,60,
고려대,2021,학생부교과,학교추천전형,한문학과,8,5.25,0,58.2X,60,
고려대,2021,학생부교과,학교추천전형,행정학과,23,5.17,9,58.9X,60,
고려대,2021,학생부종합,기회균등전형(농어촌학생),경영대학,10,7.2,12,1.6X,1.8X,
고려대,2021,학생부종합,기회균등전형(농어촌학생),경제학과,4,6.25,10,1.7X,1.9X,
고려대,2021,학생부종합,기회균등전형(사회배려자),경영대학,7,9.43,10,1.5X,1.8X,
고려대,2021,학생부종합,일반전형-계열적합형,건축사회환경공학부,15,11,33,4.1X,4.4X,
고려대,2021,학생부종합,일반전형-계열적합형,경영대학,43,15.47,98,2.3X,2.7X,
고려대,2021,학생부종합,일반전형-계열적합형,경제학과,22,11.82,71,2.1X,2.6X,
고려대,2021,학생부종합,일반전형-계열적합형,교육학과,8,17.88,23,2.4X,2.5X,
고려대,2021,학생부종합,일반전형-계열적합형,국어교육과,7,10,16,2.2X,2.7X,
고려대,2021,학생부종합,일반전형-계열적합형,국어국문학과,9,15.78,21,3.0X,3.7X,
고려대,2021,학생부종합,일반전형-계열적합형,미디어학부,12,24.58,24,2.5X,3.1X,
고려대,2021,학생부종합,일반전형-계열적합형,보건정책관리학부,12,16,14,2.7X,3.4X,
고려대,2021,학생부종합,일반전형-계열적합형,사학과,7,16.43,17,2.9X,3.3X,
고려대,2021,학생부종합,일반전형-계열적합형,사회학과,12,20,20,2.6X,2.8X,
고려대,2021,학생부종합,일반전형-계열적합형,산업경영공학부,8,15.63,18,4.2X,4.4X,
고려대,2021,학생부종합,일반전형-계열적합형,수학교육과,6,12.5,6,2.8X,2.9X,
고려대,2021,학생부종합,일반전형-계열적합형,식품자원경제학과,8,12.13,13,3.2X,3.4X,
고려대,2021,학생부종합,일반전형-계열적합형,심리학부,8,14.88,19,2.6X,3.7X,
고려대,2021,학생부종합,일반전형-계열적합형,역사교육과,5,13.2,7,1.8X,1.9X,
고려대,2021,학생부종합,일반전형-계열적합형,자유전공학부,16,17.56,29,2.6X,2.9X,
고려대,2021,학생부종합,일반전형-계열적합형,정치외교학과,12,24.67,45,2.1X,2.6X,
고려대,2021,학생부종합,일반전형-계열적합형,지리교육과,5,13.2,6,1.8X,2.0X,
고려대,2021,학생부종합,일반전형-계열적합형,철학과,7,19.43,19,2.3X,2.5X,
고려대,2021,학생부종합,일반전형-계열적합형,통계학과,11,11.91,19,3.1X,3.4X,
고려대,2021,학생부종합,일반전형-계열적합형,한국사학과,4,10.75,5,1.8X,2.0X,
고려대,2021,학생부종합,일반전형-계열적합형,한문학과,4,13.5,9,3.4X,3.8X,
고려대,2021,학생부종합,일반전형-계열적합형,행정학과,12,18.75,21,2.6X,2.8X,
고려대,2021,학생부종합,일반전형-학업우수형,가정교육과,10,10.9,1,3.1X,3.2X,
고려대,2021,학생부종합,일반전형-학업우수형,건축사회환경공학부,29,10.76,7,2.6X,3.0X,
고려대,2021,학생부종합,일반전형-학업우수형,경영대학,108,9.27,103,2.3X,2.7X,
고려대,2021,학생부종합,일반전형-학업우수형,경제학과,40,9.3,50,1.9X,2.4X,
고려대,2021,학생부종합,일반전형-학업우수형,교육학과,16,12,11,2.0X,2.2X,
고려대,2021,학생부종합,일반전형-학업우수형,국어교육과,14,7.5,5,2.0X,2.6X,
고려대,2021,학생부종합,일반전형-학업우수형,국어국문학과,17,11.24,5,2.3X,2.5X,
고려대,2021,학생부종합,일반전형-학업우수형,국제학부,20,11.45,12,2.8X,3.3X,
고려대,2021,학생부종합,일반전형-학업우수형,노어노문학과,11,9.27,4,3.0X,3.4X,
고려대,2021,학생부종합,일반전형-학업우수형,독어독문학과,12,9.75,6,3.7X,4.3X,
고려대,2021,학생부종합,일반전형-학업우수형,미디어학부,23,13.39,31,2.1X,2.3X,
고려대,2021,학생부종합,일반전형-학업우수형,보건정책관리학부,23,10.91,4,2.8X,3.1X,
고려대,2021,학생부종합,일반전형-학업우수형,불어불문학과,13,10,6,3.3X,3.8X,
고려대,2021,학생부종합,일반전형-학업우수형,사학과,14,11.86,7,2.5X,2.9X,
고려대,2021,학생부종합,일반전형-학업우수형,사회학과,23,12.22,15,2.0X,2.4X,
고려대,2021,학생부종합,일반전형-학업우수형,산업경영공학부,17,9.82,8,2.1X,2.4X,
고려대,2021,학생부종합,일반전형-학업우수형,서어서문학과,15,8.33,2,3.0X,3.4X,
고려대,2021,학생부종합,일반전형-학업우수형,수학교육과,12,10.92,7,1.7X,2.0X,
고려대,2021,학생부종합,일반전형-학업우수형,식품자원경제학과,17,10.53,3,2.5X,3.0X,
고려대,2021,학생부종합,일반전형-학업우수형,심리학부,16,11,9,2.0X,3.2X,
고려대,2021,학생부종합,일반전형-학업우수형,언어학과,10,12.3,3,3.4X,3.6X,
고려대,2021,학생부종합,일반전형-학업우수형,역사교육과,10,9.6,1,2.4X,2.5X,
고려대,2021,학생부종합,일반전형-학업우수형,영어교육과,20,7.45,10,2.8X,3.2X,
고려대,2021,학생부종합,일반전형-학업우수형,영어영문학과,31,8.13,12,2.5X,2.9X,
고려대,2021,학생부종합,일반전형-학업우수형,자유전공학부,30,10.2,15,2.4X,2.5X,
고려대,2021,학생부종합,일반전형-학업우수형,정치외교학과,24,10.83,25,2.1X,2.3X,
고려대,2021,학생부종합,일반전형-학업우수형,중어중문학과,16,11.88,4,3.4X,4.0X,
고려대,2021,학생부종합,일반전형-학업우수형,지리교육과,12,11.67,3,2.3X,2.7X,
고려대,2021,학생부종합,일반전형-학업우수형,철학과,12,18.25,10,2.4X,2.9X,
고려대,2021,학생부종합,일반전형-학업우수형,통계학과,21,11.05,14,2.7X,3.1X,
고려대,2021,학생부종합,일반전형-학업우수형,한국사학과,8,8.5,7,2.6X,2.8X,
고려대,2021,학생부종합,일반전형-학업우수형,한문학과,8,11.13,1,3.7X,4.1X,
고려대,2021,학생부종합,일반전형-학업우수형,행정학과,23,13.96,12,2.0X,2.3X,
고려대,2022,학생부교과,학교추천,가정교육과,8,13.88,2,78.44,78.42,
고려대,2022,학생부교과,학교추천,건축사회환경공학부,20,14.4,19,78.78,78.68,
고려대,2022,학생부교과,학교추천,경영대학,80,9.1,131,79.06,78.88,
고려대,2022,학생부교과,학교추천,경제학과,28,8.07,52,79.12,78.73,
고려대,2022,학생부교과,학교추천,교육학과,11,12.27,22,79.13,79.05,
고려대,2022,학생부교과,학교추천,국어교육과,10,10,22,78.93,78.88,
고려대,2022,학생부교과,학교추천,국어국문학과,13,6.77,12,78.79,78.68,
고려대,2022,학생부교과,학교추천,국제학부,5,11.4,1,78.77,78.76,
고려대,2022,학생부교과,학교추천,노어노문학과,8,9.63,7,78.37,77.79,
고려대,2022,학생부교과,학교추천,독어독문학과,8,10.75,8,78.7,78.59,
고려대,2022,학생부교과,학교추천,미디어학부,17,7.94,26,78.91,78.54,
고려대,2022,학생부교과,학교추천,보건정책관리학부,17,8,14,78.47,78.26,
고려대,2022,학생부교과,학교추천,불어불문학과,9,11.22,5,78.58,78.22,
고려대,2022,학생부교과,학교추천,사학과,10,6.5,7,79.02,78.81,
고려대,2022,학생부교과,학교추천,사회학과,17,7.47,16,79.12,78.95,
고려대,2022,학생부교과,학교추천,산업경영공학부,12,11,24,78.75,78.51,
고려대,2022,학생부교과,학교추천,서어서문학과,10,11.9,15,78.42,78.23,
고려대,2022,학생부교과,학교추천,수학교육과,8,11.63,11,79.52,79.39,
고려대,2022,학생부교과,학교추천,식품자원경제학과,12,8.5,11,78.83,78.68,
고려대,2022,학생부교과,학교추천,심리학부,11,7.82,19,78.94,78.59,
고려대,2022,학생부교과,학교추천,언어학과,6,8.33,9,78.72,78.55,
고려대,2022,학생부교과,학교추천,역사교육과,7,8.57,11,78.9,78.86,
고려대,2022,학생부교과,학교추천,영어교육과,14,7.71,21,79.11,78.82,
고려대,2022,학생부교과,학교추천,영어영문학과,22,9.64,24,78.67,78.59,
고려대,2022,학생부교과,학교추천,자유전공학부,20,8.1,35,79.32,79.14,
고려대,2022,학생부교과,학교추천,정치외교학과,18,8.61,33,79.37,79.09,
고려대,2022,학생부교과,학교추천,중어중문학과,12,8.33,12,78.46,77.44,
고려대,2022,학생부교과,학교추천,지리교육과,8,6.13,3,78.95,78.63,
고려대,2022,학생부교과,학교추천,철학과,9,8.44,6,78.84,78.83,
고려대,2022,학생부교과,학교추천,통계학과,15,11.07,27,78.63,78.02,
고려대,2022,학생부교과,학교추천,한국사학과,6,7.67,1,78.46,78.32,
고려대,2022,학생부교과,학교추천,한문학과,6,8.67,3,78.1,77.59,
고려대,2022,학생부교과,학교추천,행정학과,17,8.12,16,79.03,78.94,
고려대,2022,학생부종합,기회균등-고른기회,건축사회환경공학부,4,6.5,2,2.03,2.09,
고려대,2022,학생부종합,기회균등-고른기회,경영대학,18,9.33,15,1.6,1.79,
고려대,2022,학생부종합,기회균등-고른기회,경제학과,7,8.29,12,1.88,1.92,
고려대,2022,학생부종합,기회균등-고른기회,영어영문학과,5,7.8,2,2.22,2.53,
고려대,2022,학생부종합,기회균등-고른기회,자유전공학부,5,9,3,1.38,1.59,
고려대,2022,학생부종합,일반전형-계열적합형,가정교육과,4,11.25,0,2.72,2.89,
고려대,2022,학생부종합,일반전형-계열적합형,건축사회환경공학부,11,15,12,3.86,4.1,
고려대,2022,학생부종합,일반전형-계열적합형,경영대학,41,13.95,56,2.6,2.77,
고려대,2022,학생부종합,일반전형-계열적합형,경제학과,15,14.07,20,2.45,2.96,
고려대,2022,학생부종합,일반전형-계열적합형,교육학과,5,15.6,5,2.02,2.4,
고려대,2022,학생부종합,일반전형-계열적합형,국어교육과,5,10.8,9,1.89,2.38,
고려대,2022,학생부종합,일반전형-계열적합형,국어국문학과,6,15,2,3.07,3.16,
고려대,2022,학생부종합,일반전형-계열적합형,국제학부,21,17.52,22,2.83,3.16,
고려대,2022,학생부종합,일반전형-계열적합형,글로벌한국융합학부,5,16.4,1,3.11,3.28,
고려대,2022,학생부종합,일반전형-계열적합형,노어노문학과,5,10.8,6,2.89,3.32,
고려대,2022,학생부종합,일반전형-계열적합형,독어독문학과,5,13.4,4,2.93,3.23,
고려대,2022,학생부종합,일반전형-계열적합형,미디어학부,8,21,17,2.6,2.71,
고려대,2022,학생부종합,일반전형-계열적합형,보건정책관리학부,9,15.78,5,3.19,3.34,
고려대,2022,학생부종합,일반전형-계열적합형,불어불문학과,5,16.4,4,2.87,3.12,
고려대,2022,학생부종합,일반전형-계열적합형,사학과,5,17.8,9,2.83,2.83,
고려대,2022,학생부종합,일반전형-계열적합형,사회학과,5,21.8,10,2.52,2.73,
고려대,2022,학생부종합,일반전형-계열적합형,산업경영공학부,6,16.67,20,2.52,3.03,
고려대,2022,학생부종합,일반전형-계열적합형,서어서문학과,7,11.86,6,2.74,2.94,
고려대,2022,학생부종합,일반전형-계열적합형,수학교육과,5,10,2,1.65,1.76,
고려대,2022,학생부종합,일반전형-계열적합형,식품자원경제학과,6,19.17,4,2.99,3.16,
고려대,2022,학생부종합,일반전형-계열적합형,심리학부,10,12.5,19,2.18,2.67,
고려대,2022,학생부종합,일반전형-계열적합형,언어학과,4,13.75,3,2.22,2.53,
고려대,2022,학생부종합,일반전형-계열적합형,역사교육과,4,11.75,3,2.19,2.53,
고려대,2022,학생부종합,일반전형-계열적합형,영어교육과,8,11.38,17,2.49,2.7,
고려대,2022,학생부종합,일반전형-계열적합형,영어영문학과,12,13.17,13,3.07,3.25,
고려대,2022,학생부종합,일반전형-계열적합형,자유전공학부,11,17.09,18,2.53,2.6,
고려대,2022,학생부종합,일반전형-계열적합형,정치외교학과,7,20,8,2.37,2.69,
고려대,2022,학생부종합,일반전형-계열적합형,중어중문학과,6,19.5,7,2.65,2.92,
고려대,2022,학생부종합,일반전형-계열적합형,지리교육과,4,10.75,7,2.31,2.87,
고려대,2022,학생부종합,일반전형-계열적합형,철학과,5,16.6,2,3.01,3.01,
고려대,2022,학생부종합,일반전형-계열적합형,통계학과,8,14.5,10,2.75,3.01,
고려대,2022,학생부종합,일반전형-계열적합형,행정학과,8,14.63,15,2.51,2.84,
고려대,2022,학생부종합,일반전형-학업우수형,가정교육과,8,17,1,2.64,2.79,
고려대,2022,학생부종합,일반전형-학업우수형,건축사회환경공학부,21,19.24,5,2.17,2.62,
고려대,2022,학생부종합,일반전형-학업우수형,경영대학,84,16.14,100,2.32,2.63,
고려대,2022,학생부종합,일반전형-학업우수형,경제학과,29,15.59,39,2.6,2.92,
고려대,2022,학생부종합,일반전형-학업우수형,교육학과,12,14.83,2,2.33,2.79,
고려대,2022,학생부종합,일반전형-학업우수형,국어교육과,9,15.44,3,1.65,1.96,
고려대,2022,학생부종합,일반전형-학업우수형,국어국문학과,12,15.58,0,2.1,2.26,
고려대,2022,학생부종합,일반전형-학업우수형,국제학부,20,18.45,7,2.89,3.25,
고려대,2022,학생부종합,일반전형-학업우수형,노어노문학과,8,14.38,0,2.82,3.62,
고려대,2022,학생부종합,일반전형-학업우수형,독어독문학과,8,15.88,0,2.53,3.44,
고려대,2022,학생부종합,일반전형-학업우수형,미디어학부,17,17.65,12,2.07,2.35,
고려대,2022,학생부종합,일반전형-학업우수형,보건정책관리학부,16,19,1,2.47,2.99,
고려대,2022,학생부종합,일반전형-학업우수형,불어불문학과,8,14.5,0,2.95,3.15,
고려대,2022,학생부종합,일반전형-학업우수형,사학과,10,16.9,0,2.1,2.41,
고려대,2022,학생부종합,일반전형-학업우수형,사회학과,20,18.1,21,2.33,2.78,
고려대,2022,학생부종합,일반전형-학업우수형,산업경영공학부,12,18.83,12,1.78,1.84,
고려대,2022,학생부종합,일반전형-학업우수형,수학교육과,8,18.5,11,1.75,1.85,
고려대,2022,학생부종합,일반전형-학업우수형,식품자원경제학과,13,18.23,2,2.6,2.91,
고려대,2022,학생부종합,일반전형-학업우수형,심리학부,9,18.11,8,2.62,2.87,
고려대,2022,학생부종합,일반전형-학업우수형,언어학과,6,16.33,5,3.19,3.24,
고려대,2022,학생부종합,일반전형-학업우수형,영어교육과,14,12.71,6,2.48,3.36,
고려대,2022,학생부종합,일반전형-학업우수형,영어영문학과,23,14.48,0,2.53,2.55,
고려대,2022,학생부종합,일반전형-학업우수형,자유전공학부,22,17.59,19,2.27,2.56,
고려대,2022,학생부종합,일반전형-학업우수형,정치외교학과,17,17.88,20,2.3,2.34,
고려대,2022,학생부종합,일반전형-학업우수형,중어중문학과,11,15.18,0,3.16,3.57,
고려대,2022,학생부종합,일반전형-학업우수형,철학과,9,17.33,7,2.27,3.02,
고려대,2022,학생부종합,일반전형-학업우수형,통계학과,16,19.38,12,2.56,3.07,
고려대,2022,학생부종합,일반전형-학업우수형,행정학과,17,16.65,14,2.43,2.67,
고려대,2023,학생부교과,학교추천전형,가정교육과,10,12.1,7,78.6,78.51,
고려대,2023,학생부교과,학교추천전형,건축사회환경공학부,20,12.4,17,78.68,78.61,
고려대,2023,학생부교과,학교추천전형,경영대학,80,7.7,104,79.22,79.1,
고려대,2023,학생부교과,학교추천전형,경제학과,28,7.89,72,79.18,79.01,
고려대,2023,학생부교과,학교추천전형,교육학과,11,12.91,16,79.35,79.24,
고려대,2023,학생부교과,학교추천전형,국어교육과,10,10.2,20,79.42,79.24,
고려대,2023,학생부교과,학교추천전형,국어국문학과,13,7.31,13,78.79,78.66,
고려대,2023,학생부교과,학교추천전형,국제학부,5,6.6,2,79.49,79.3,
고려대,2023,학생부교과,학교추천전형,노어노문학과,8,12,4,78.71,78.65,
고려대,2023,학생부교과,학교추천전형,독어독문학과,8,7.88,7,78.61,78.21,
고려대,2023,학생부교과,학교추천전형,미디어학부,17,11.76,19,79.38,79.12,
고려대,2023,학생부교과,학교추천전형,보건정책관리학부,17,15,16,78.75,78.61,
고려대,2023,학생부교과,학교추천전형,불어불문학과,9,9.44,13,78.64,78.3,
고려대,2023,학생부교과,학교추천전형,사학과,10,6.1,10,78.88,78.82,
고려대,2023,학생부교과,학교추천전형,사회학과,17,6.71,17,79.27,79.01,
고려대,2023,학생부교과,학교추천전형,산업경영공학부,12,18.25,10,78.91,78.69,
고려대,2023,학생부교과,학교추천전형,서어서문학과,10,10.5,3,78.77,78.72,
고려대,2023,학생부교과,학교추천전형,수학교육과,8,7.25,7,79.6,79.52,
고려대,2023,학생부교과,학교추천전형,식품자원경제학과,16,9,9,78.82,78.77,
고려대,2023,학생부교과,학교추천전형,심리학부,10,10,12,79.09,78.92,
고려대,2023,학생부교과,학교추천전형,언어학과,6,7.17,2,78.51,78.29,
고려대,2023,학생부교과,학교추천전형,역사교육과,7,11.71,4,79.52,79.33,
고려대,2023,학생부교과,학교추천전형,영어교육과,14,8.36,21,79.29,79.2,
고려대,2023,학생부교과,학교추천전형,영어영문학과,22,8.36,22,79.03,78.91,
고려대,2023,학생부교과,학교추천전형,자유전공학부,20,6.8,28,79.46,79.3,
고려대,2023,학생부교과,학교추천전형,정치외교학과,18,8.39,37,79.3,79.14,
고려대,2023,학생부교과,학교추천전형,중어중문학과,12,10.58,13,78.68,78.62,
고려대,2023,학생부교과,학교추천전형,지리교육과,8,8.63,10,78.65,78.62,
고려대,2023,학생부교과,학교추천전형,철학과,9,7.11,14,78.83,78.7,
고려대,2023,학생부교과,학교추천전형,통계학과,15,18.93,18,78.81,78.74,
고려대,2023,학생부교과,학교추천전형,한국사학과,6,9.83,2,79,78.83,
고려대,2023,학생부교과,학교추천전형,한문학과,6,12.83,78.75,78.62,80,
고려대,2023,학생부교과,학교추천전형,행정학과,17,7.76,16,79.25,79.08,
고려대,2023,학생부종합,계열적합전형,건축사회환경공학부,11,14,13,3.62,3.77,
고려대,2023,학생부종합,계열적합전형,경영대학,41,13,67,2.24,2.46,
고려대,2023,학생부종합,계열적합전형,경제학과,15,13,29,2.67,2.8,
고려대,2023,학생부종합,계열적합전형,교육학과,5,20.2,9,1.89,2.03,
고려대,2023,학생부종합,계열적합전형,국어교육과,5,12,5,2.51,2.63,
고려대,2023,학생부종합,계열적합전형,국어국문학과,6,15.67,3,2.88,3.08,
고려대,2023,학생부종합,계열적합전형,국제학부,20,19.55,34,2.63,2.88,
고려대,2023,학생부종합,계열적합전형,글로벌한국융합학부,5,15,3,3.08,3.22,
고려대,2023,학생부종합,계열적합전형,노어노문학과,5,12.6,4,3.39,3.44,
고려대,2023,학생부종합,계열적합전형,독어독문학과,5,14.2,2,3.08,3.24,
고려대,2023,학생부종합,계열적합전형,미디어학부,8,19.88,15,2.08,2.27,
고려대,2023,학생부종합,계열적합전형,보건정책관리학부,9,16.78,4,2.98,3.19,
고려대,2023,학생부종합,계열적합전형,불어불문학과,5,12,3,2.77,2.87,
고려대,2023,학생부종합,계열적합전형,사학과,5,16,6,2.25,2.69,
고려대,2023,학생부종합,계열적합전형,사회학과,5,20.4,5,2.39,2.59,
고려대,2023,학생부종합,계열적합전형,산업경영공학부,6,13.5,14,3.95,4.2,
고려대,2023,학생부종합,계열적합전형,서어서문학과,10,9.6,10,2.81,3.09,
고려대,2023,학생부종합,계열적합전형,수학교육과,5,9.8,9,1.65,1.73,
고려대,2023,학생부종합,계열적합전형,심리학부,8,14.13,12,1.87,2.97,
고려대,2023,학생부종합,계열적합전형,언어학과,4,12.75,2,3.23,3.29,
고려대,2023,학생부종합,계열적합전형,역사교육과,4,11.75,4,3.01,3.45,
고려대,2023,학생부종합,계열적합전형,영어교육과,8,11.25,10,2.6,2.78,
고려대,2023,학생부종합,계열적합전형,영어영문학과,12,15,13,2.46,2.65,
고려대,2023,학생부종합,계열적합전형,자유전공학부,11,14.27,22,2.3,2.49,
고려대,2023,학생부종합,계열적합전형,정치외교학과,7,21.29,20,2.1,2.22,
고려대,2023,학생부종합,계열적합전형,중어중문학과,6,16.17,4,2.38,2.46,
고려대,2023,학생부종합,계열적합전형,지리교육과,4,12.5,6,2.61,3.05,
고려대,2023,학생부종합,계열적합전형,철학과,4,22.25,7,2.86,3.09,
고려대,2023,학생부종합,계열적합전형,통계학과,8,12.75,8,2.88,2.99,
고려대,2023,학생부종합,계열적합전형,행정학과,8,13.25,5,2.41,2.5,
고려대,2023,학생부종합,고른기회전형,건축사회환경공학부,4,7.5,2,2.41,2.79,
고려대,2023,학생부종합,고른기회전형,경영대학,18,7.67,17,1.67,1.73,
고려대,2023,학생부종합,고른기회전형,경제학과,7,7.14,6,1.96,2.09,
고려대,2023,학생부종합,고른기회전형,영어영문학과,5,8.2,2,2.49,2.81,
고려대,2023,학생부종합,고른기회전형,자유전공학부,5,7.8,1,2.51,2.56,
고려대,2023,학생부종합,학업우수전형,가정교육과,8,19.13,2.45,2.5,전체교과,
고려대,2023,학생부종합,학업우수전형,건축사회환경공학부,21,20.95,5,2.07,2.17,
고려대,2023,학생부종합,학업우수전형,경영대학,84,12.69,85,2.11,2.55,
고려대,2023,학생부종합,학업우수전형,경제학과,29,14.34,33,2.14,2.66,
고려대,2023,학생부종합,학업우수전형,교육학과,12,16.25,11,1.99,2.2,
고려대,2023,학생부종합,학업우수전형,국어교육과,9,12.33,4,2.2,2.28,
고려대,2023,학생부종합,학업우수전형,국어국문학과,12,10.83,2,2.35,3.26,
고려대,2023,학생부종합,학업우수전형,국제학부,20,16.3,3,2.89,3.06,
고려대,2023,학생부종합,학업우수전형,노어노문학과,8,12.38,3.56,3.63,전체교과,
고려대,2023,학생부종합,학업우수전형,독어독문학과,8,13.38,3.41,3.43,전체교과,
고려대,2023,학생부종합,학업우수전형,미디어학부,17,14.06,12,1.82,1.91,
고려대,2023,학생부종합,학업우수전형,보건정책관리학부,16,17.44,2.63,3.26,전체교과,
고려대,2023,학생부종합,학업우수전형,불어불문학과,8,13.75,3,2.62,2.94,
고려대,2023,학생부종합,학업우수전형,사학과,10,12.5,2.13,2.3,전체교과,
고려대,2023,학생부종합,학업우수전형,사회학과,20,15.15,14,2.36,2.89,
고려대,2023,학생부종합,학업우수전형,산업경영공학부,12,14.25,4,1.97,2.16,
고려대,2023,학생부종합,학업우수전형,서어서문학과,6,14.83,3.06,3.28,전체교과,
고려대,2023,학생부종합,학업우수전형,수학교육과,8,13.88,8,1.52,1.74,
고려대,2023,학생부종합,학업우수전형,식품자원경제학과,12,16.17,3,2.72,3.03,
고려대,2023,학생부종합,학업우수전형,심리학부,8,19.25,5,2.17,2.85,
고려대,2023,학생부종합,학업우수전형,역사교육과,7,10.14,2,1.98,2.16,
고려대,2023,학생부종합,학업우수전형,영어교육과,14,12,5,2.08,2.36,
고려대,2023,학생부종합,학업우수전형,영어영문학과,23,11,2.54,2.88,전체교과,
고려대,2023,학생부종합,학업우수전형,자유전공학부,22,13.27,11,1.73,2.23,
고려대,2023,학생부종합,학업우수전형,정치외교학과,17,17.29,23,1.75,2.01,
고려대,2023,학생부종합,학업우수전형,중어중문학과,11,14.82,1,3.39,3.47,
고려대,2023,학생부종합,학업우수전형,지리교육과,8,12.38,1,2.23,2.59,
고려대,2023,학생부종합,학업우수전형,철학과,10,17.9,4,2.15,2.73,
고려대,2023,학생부종합,학업우수전형,통계학과,16,15,2,2.63,3.01,
고려대,2023,학생부종합,학업우수전형,한국사학과,5,14,2.72,2.84,전체교과,
고려대,2023,학생부종합,학업우수전형,행정학과,17,13.12,8,2.38,2.85,
고려대,2024,학생부교과,학교추천전형,가정교육과,6,19.5,2,79.03,78.94,
고려대,2024,학생부교과,학교추천전형,건축사회환경공학부,16,17.5,10,78.99,78.96,
고려대,2024,학생부교과,학교추천전형,경영대학,55,5.13,83,79.45,79.28,
고려대,2024,학생부교과,학교추천전형,경제학과,22,6.05,44,79.3,79.17,
고려대,2024,학생부교과,학교추천전형,교육학과,8,9.5,18,79.6,79.51,
고려대,2024,학생부교과,학교추천전형,국어교육과,7,7.86,8,79.48,79.45,
고려대,2024,학생부교과,학교추천전형,국어국문학과,9,11,9,79.22,79.14,
고려대,2024,학생부교과,학교추천전형,국제학부,5,7.8,4,78.95,78.61,
고려대,2024,학생부교과,학교추천전형,노어노문학과,6,12.17,6,78.93,78.83,
고려대,2024,학생부교과,학교추천전형,독어독문학과,6,9.67,1,79.02,78.95,
고려대,2024,학생부교과,학교추천전형,미디어학부,12,5.58,20,79.32,79.3,
고려대,2024,학생부교과,학교추천전형,보건정책관리학부,13,14.38,3,79.09,78.98,
고려대,2024,학생부교과,학교추천전형,불어불문학과,7,12.29,7,79,78.97,
고려대,2024,학생부교과,학교추천전형,사학과,7,5.57,14,79.14,78.99,
고려대,2024,학생부교과,학교추천전형,사회학과,13,6.08,17,79.49,79.37,
고려대,2024,학생부교과,학교추천전형,산업경영공학부,9,21,11,79.4,79.2,
고려대,2024,학생부교과,학교추천전형,서어서문학과,8,9.63,7,79.07,79.05,
고려대,2024,학생부교과,학교추천전형,수학교육과,6,5.33,13,79.49,79.07,
고려대,2024,학생부교과,학교추천전형,식품자원경제학과,9,8.33,7,79.27,79.12,
고려대,2024,학생부교과,학교추천전형,심리학부,8,5.63,7,79.25,79.19,
고려대,2024,학생부교과,학교추천전형,언어학과,5,13.2,3,78.98,78.97,
고려대,2024,학생부교과,학교추천전형,역사교육과,5,6.4,7,79.36,79.36,
고려대,2024,학생부교과,학교추천전형,영어교육과,11,5,16,79.57,79.29,
고려대,2024,학생부교과,학교추천전형,영어영문학과,17,5.35,21,79.27,79.23,
고려대,2024,학생부교과,학교추천전형,자유전공학부,21,4.33,24,79.41,79.27,
고려대,2024,학생부교과,학교추천전형,정치외교학과,13,6.85,25,79.57,79.45,
고려대,2024,학생부교과,학교추천전형,중어중문학과,9,8.22,3,79.07,78.87,
고려대,2024,학생부교과,학교추천전형,지리교육과,6,11.83,5,79.24,79.2,
고려대,2024,학생부교과,학교추천전형,철학과,13,8.38,18,79.2,79.14,
고려대,2024,학생부교과,학교추천전형,통계학과,12,12.33,3,79.08,79.05,
고려대,2024,학생부교과,학교추천전형,한국사학과,4,7.25,1,79.29,79.21,
고려대,2024,학생부교과,학교추천전형,한문학과,4,7.5,0,78.93,78.89,
고려대,2024,학생부교과,학교추천전형,행정학과,13,4.85,14,79.29,79.22,
고려대,2024,학생부종합,계열적합,건축사회환경공학부,15,11.93,15,2.75,3.16,
고려대,2024,학생부종합,계열적합,경영대학,51,9.8,72,2.16,2.43,
고려대,2024,학생부종합,계열적합,경제학과,20,10,43,2.45,2.67,
고려대,2024,학생부종합,계열적합,교육학과,8,15.75,10,2.06,2.49,
고려대,2024,학생부종합,계열적합,국어교육과,7,12.14,5,1.67,1.96,
고려대,2024,학생부종합,계열적합,국어국문학과,9,12.44,19,2.96,3.02,
고려대,2024,학생부종합,계열적합,국제학부,16,17,38,2.5,2.77,
고려대,2024,학생부종합,계열적합,글로벌한국융합학부,5,18.4,2,2.89,2.97,
고려대,2024,학생부종합,계열적합,노어노문학과,5,15.2,5,2.22,2.76,
고려대,2024,학생부종합,계열적합,독어독문학과,5,16,7,2.8,2.97,
고려대,2024,학생부종합,계열적합,미디어학부,11,15.36,14,2.27,2.33,
고려대,2024,학생부종합,계열적합,보건정책관리학부,11,17.91,8,2.82,2.89,
고려대,2024,학생부종합,계열적합,불어불문학과,6,12.83,6,2.38,2.46,
고려대,2024,학생부종합,계열적합,사학과,7,11.86,13,2.94,3.24,
고려대,2024,학생부종합,계열적합,사회학과,11,13,27,2.44,2.76,
고려대,2024,학생부종합,계열적합,산업경영공학부,8,14.38,15,2.11,2.23,
고려대,2024,학생부종합,계열적합,서어서문학과,8,10.63,4,2.75,2.9,
고려대,2024,학생부종합,계열적합,수학교육과,6,8.5,7,1.79,2.94,
고려대,2024,학생부종합,계열적합,식품자원경제학과,8,15.25,5,2.48,2.67,
고려대,2024,학생부종합,계열적합,심리학부,7,16.71,6,1.85,2.23,
고려대,2024,학생부종합,계열적합,언어학과,5,12.8,10,2.82,3.18,
고려대,2024,학생부종합,계열적합,역사교육과,6,14.17,5,2.49,2.66,
고려대,2024,학생부종합,계열적합,영어교육과,10,9.6,10,2.57,2.84,
고려대,2024,학생부종합,계열적합,영어영문학과,15,11.33,28,2.37,3.05,
고려대,2024,학생부종합,계열적합,정치외교학과,11,13.55,27,2.39,2.48,
고려대,2024,학생부종합,계열적합,중어중문학과,8,12.25,2,2.26,2.37,
고려대,2024,학생부종합,계열적합,지리교육과,5,13.8,8,2.12,2.39,
고려대,2024,학생부종합,계열적합,철학과,4,23.25,4,2.56,2.8,
고려대,2024,학생부종합,계열적합,통계학과,12,10.08,15,2.78,3.07,
고려대,2024,학생부종합,계열적합,한국사학과,4,10.75,2,3.87,3.91,
고려대,2024,학생부종합,계열적합,한문학과,4,14.25,2,3.06,3.21,
고려대,2024,학생부종합,계열적합,행정학과,11,13.73,17,2.16,2.37,
고려대,2024,학생부종합,고른기회,건축사회환경공학부,4,10,3,1.98,2.24,
고려대,2024,학생부종합,고른기회,경영대학,15,10.07,12,1.59,1.65,
고려대,2024,학생부종합,고른기회,경제학과,6,10.17,12,1.57,1.72,
고려대,2024,학생부종합,고른기회,미디어학부,4,8.75,3,2.09,2.46,
고려대,2024,학생부종합,고른기회,보건정책관리학부,4,7.75,1,1.96,2.16,
고려대,2024,학생부종합,고른기회,영어영문학과,5,7.6,3,2.25,2.32,
고려대,2024,학생부종합,고른기회,자유전공학부,5,11,3,1.61,1.9,
고려대,2024,학생부종합,고른기회,정치외교학과,4,10.75,5,1.55,1.89,
고려대,2024,학생부종합,고른기회,행정학과,4,10.75,3,1.7,1.85,
고려대,2024,학생부종합,학업우수,가정교육과,9,20.56,1,2.15,2.44,
고려대,2024,학생부종합,학업우수,건축사회환경공학부,22,16.95,9,2.11,2.38,
고려대,2024,학생부종합,학업우수,경영대학,79,9.27,81,2.15,2.38,
고려대,2024,학생부종합,학업우수,경제학과,33,10,36,1.86,2.25,
고려대,2024,학생부종합,학업우수,교육학과,12,12.67,3,2.06,2.58,
고려대,2024,학생부종합,학업우수,국어교육과,10,9.8,2,2.19,2.84,
고려대,2024,학생부종합,학업우수,국어국문학과,13,11.92,5,2.93,3.25,
고려대,2024,학생부종합,학업우수,국제학부,17,14.76,10,2.61,2.77,
고려대,2024,학생부종합,학업우수,노어노문학과,9,15.56,4,2.76,3.25,
고려대,2024,학생부종합,학업우수,독어독문학과,9,13.78,4,2.92,3.27,
고려대,2024,학생부종합,학업우수,미디어학부,18,7.83,8,2.49,2.6,
고려대,2024,학생부종합,학업우수,보건정책관리학부,18,19.78,3,2.1,2.38,
고려대,2024,학생부종합,학업우수,불어불문학과,9,11.11,1,2.63,2.94,
고려대,2024,학생부종합,학업우수,사학과,11,10.55,3,2.36,2.8,
고려대,2024,학생부종합,학업우수,사회학과,18,14.94,16,1.92,2.25,
고려대,2024,학생부종합,학업우수,산업경영공학부,13,16.38,9,1.76,1.91,
고려대,2024,학생부종합,학업우수,서어서문학과,11,12.36,1,2.56,3.08,
고려대,2024,학생부종합,학업우수,수학교육과,9,9.56,3,1.63,2.33,
고려대,2024,학생부종합,학업우수,식품자원경제학과,13,18.38,5,2.18,2.55,
고려대,2024,학생부종합,학업우수,심리학부,11,13.18,5,2.13,2.65,
고려대,2024,학생부종합,학업우수,언어학과,7,11.86,3,2.1,2.69,
고려대,2024,학생부종합,학업우수,역사교육과,7,9,1,2.12,2.36,
고려대,2024,학생부종합,학업우수,영어교육과,16,9.5,4,2.19,2.79,
고려대,2024,학생부종합,학업우수,영어영문학과,25,9.32,10,2.53,2.82,
고려대,2024,학생부종합,학업우수,자유전공학부,33,9,20,2.12,2.4,
고려대,2024,학생부종합,학업우수,정치외교학과,18,9.39,20,1.83,1.91,
고려대,2024,학생부종합,학업우수,중어중문학과,13,11.92,2,2.93,3.15,
고려대,2024,학생부종합,학업우수,지리교육과,9,10.78,2,2.82,2.97,
고려대,2024,학생부종합,학업우수,철학과,6,22.5,2,1.95,1.96,
고려대,2024,학생부종합,학업우수,통계학과,18,14.17,3,2.2,2.74,
고려대,2024,학생부종합,학업우수,한국사학과,6,11.33,1,2.43,2.68,
고려대,2024,학생부종합,학업우수,한문학과,6,15.5,0,2.31,2.74,
고려대,2024,학생부종합,학업우수,행정학과,18,11.28,3,2.31,2.72,
고려대,2025,학생부교과,학교추천전형,가정교육과,7,10.29,3,78.88,78.81,
고려대,2025,학생부교과,학교추천전형,건축사회환경공학부,15,15.40,12,79.14,79.12,
고려대,2025,학생부교과,학교추천전형,경영대학,52,6.13,77,79.54,79.43,
고려대,2025,학생부교과,학교추천전형,경제학과,21,6.10,44,79.25,79.17,
고려대,2025,학생부교과,학교추천전형,교육학과,8,5.63,13,79.37,79.04,
고려대,2025,학생부교과,학교추천전형,국어교육과,8,4.88,16,79.31,79.02,
고려대,2025,학생부교과,학교추천전형,국어국문학과,9,7.44,13,79.23,79.16,
고려대,2025,학생부교과,학교추천전형,국제학부,7,10.00,14,79.21,79.10,
고려대,2025,학생부교과,학교추천전형,노어노문학과,6,7.67,6,78.93,78.89,
고려대,2025,학생부교과,학교추천전형,독어독문학과,6,6.83,5,79.01,78.94,
고려대,2025,학생부교과,학교추천전형,미디어학부,12,5.25,19,79.59,79.51,
고려대,2025,학생부교과,학교추천전형,보건정책관리학부,12,10.00,11,79.15,79.08,
고려대,2025,학생부교과,학교추천전형,불어불문학과,6,7.33,3,79.01,78.96,
고려대,2025,학생부교과,학교추천전형,사학과,7,7.86,8,79.14,79.12,
고려대,2025,학생부교과,학교추천전형,사회학과,12,5.17,22,79.30,79.25,
고려대,2025,학생부교과,학교추천전형,산업경영공학부,8,13.50,10,79.39,79.37,
고려대,2025,학생부교과,학교추천전형,서어서문학과,7,8.29,6,78.93,78.89,
고려대,2025,학생부교과,학교추천전형,수학교육과,6,6.67,1,79.45,79.41,
고려대,2025,학생부교과,학교추천전형,식품자원경제학과,9,7.44,6,79.16,79.12,
고려대,2025,학생부교과,학교추천전형,심리학부,7,6.29,9,79.29,79.23,
고려대,2025,학생부교과,학교추천전형,언어학과,4,7.75,6,79.22,79.20,
고려대,2025,학생부교과,학교추천전형,역사교육과,5,4.40,7,79.22,79.19,
고려대,2025,학생부교과,학교추천전형,영어교육과,9,5.22,9,79.43,79.36,
고려대,2025,학생부교과,학교추천전형,영어영문학과,16,4.56,14,79.18,79.13,
고려대,2025,학생부교과,학교추천전형,자유전공학부,18,7.78,17,79.43,79.38,
고려대,2025,학생부교과,학교추천전형,정치외교학과,12,5.75,33,79.45,79.37,
고려대,2025,학생부교과,학교추천전형,중어중문학과,8,6.38,4,78.95,78.94,
고려대,2025,학생부교과,학교추천전형,지리교육과,6,5.33,3,78.96,78.93,
고려대,2025,학생부교과,학교추천전형,철학과,11,6.18,14,79.23,79.13,
고려대,2025,학생부교과,학교추천전형,통계학과,13,6.77,7,79.23,79.22,
고려대,2025,학생부교과,학교추천전형,한국사학과,4,9.25,2,79.15,79.12,
고려대,2025,학생부교과,학교추천전형,한문학과,4,8.00,1,79.04,79.02,
고려대,2025,학생부교과,학교추천전형,행정학과,12,5.83,9,79.47,79.45,
고려대,2025,학생부종합,계열적합,가정교육과,4,14.50,1,2.43,2.90,
고려대,2025,학생부종합,계열적합,건축사회환경공학부,11,17.27,18,2.74,2.77,
고려대,2025,학생부종합,계열적합,경영대학,46,11.78,64,2.05,2.43,
고려대,2025,학생부종합,계열적합,경제학과,15,12.93,44,2.48,2.62,
고려대,2025,학생부종합,계열적합,교육학과,6,18.17,5,1.74,1.88,
고려대,2025,학생부종합,계열적합,국어교육과,6,11.33,5,1.95,2.40,
고려대,2025,학생부종합,계열적합,국어국문학과,7,15.14,10,2.92,3.15,
고려대,2025,학생부종합,계열적합,국제학부,10,18.60,21,2.49,2.81,
고려대,2025,학생부종합,계열적합,글로벌한국융합학부,5,18.40,3,3.17,3.22,
고려대,2025,학생부종합,계열적합,노어노문학과,4,11.75,8,2.92,2.99,
고려대,2025,학생부종합,계열적합,독어독문학과,4,12.50,5,2.24,2.31,
고려대,2025,학생부종합,계열적합,미디어학부,9,17.44,16,2.01,2.11,
고려대,2025,학생부종합,계열적합,보건정책관리학부,9,17.00,6,2.83,3.17,
고려대,2025,학생부종합,계열적합,불어불문학과,5,12.00,6,2.78,3.14,
고려대,2025,학생부종합,계열적합,사학과,5,19.00,10,2.77,2.87,
고려대,2025,학생부종합,계열적합,사회학과,9,18.44,24,2.35,2.49,
고려대,2025,학생부종합,계열적합,산업경영공학부,6,13.83,12,3.68,3.73,
고려대,2025,학생부종합,계열적합,서어서문학과,6,12.33,9,2.59,2.73,
고려대,2025,학생부종합,계열적합,수학교육과,4,13.50,2,1.89,2.04,
고려대,2025,학생부종합,계열적합,식품자원경제학과,6,15.33,3,2.66,2.88,
고려대,2025,학생부종합,계열적합,심리학부,5,15.80,3,2.56,2.61,
고려대,2025,학생부종합,계열적합,역사교육과,4,13.75,3,2.14,2.26,
고려대,2025,학생부종합,계열적합,영어교육과,7,12.00,9,2.53,2.59,
고려대,2025,학생부종합,계열적합,영어영문학과,12,15.08,28,2.34,2.56,
고려대,2025,학생부종합,계열적합,정치외교학과,9,16.00,33,2.51,2.68,
고려대,2025,학생부종합,계열적합,중어중문학과,6,13.83,10,2.59,2.66,
고려대,2025,학생부종합,계열적합,지리교육과,4,15.00,5,1.79,2.13,
고려대,2025,학생부종합,계열적합,통계학과,10,13.40,8,2.62,3.04,
고려대,2025,학생부종합,계열적합,행정학과,9,14.78,21,2.14,2.77,
고려대,2025,학생부종합,고른기회,건축사회환경공학부,4,11.50,3,1.79,1.90,
고려대,2025,학생부종합,고른기회,경영대학,15,8.87,16,1.50,1.68,
고려대,2025,학생부종합,고른기회,경제학과,6,6.83,7,1.65,1.77,
고려대,2025,학생부종합,고른기회,보건정책관리학부,4,8.25,1,1.72,1.82,
고려대,2025,학생부종합,고른기회,사회학과,4,14.00,6,1.74,1.80,
고려대,2025,학생부종합,고른기회,영어영문학과,5,10.60,1,2.66,2.67,
고려대,2025,학생부종합,고른기회,자유전공학부,5,14.60,5,1.58,1.69,
고려대,2025,학생부종합,고른기회,통계학과,4,7.50,3,1.99,2.15,
고려대,2025,학생부종합,고른기회,행정학과,4,9.25,2,1.73,1.77,
고려대,2025,학생부종합,학업우수,가정교육과,7,20.29,2,2.07,2.23,
고려대,2025,학생부종합,학업우수,건축사회환경공학부,15,21.60,6,2.09,2.20,
고려대,2025,학생부종합,학업우수,경영대학,72,10.97,98,2.26,2.54,
고려대,2025,학생부종합,학업우수,경제학과,25,10.48,28,2.13,2.64,
고려대,2025,학생부종합,학업우수,교육학과,10,13.40,9,1.79,1.86,
고려대,2025,학생부종합,학업우수,국어교육과,9,11.44,8,1.86,2.09,
고려대,2025,학생부종합,학업우수,국어국문학과,11,16.55,7,2.54,2.64,
고려대,2025,학생부종합,학업우수,국제학부,10,15.00,11,2.20,2.44,
고려대,2025,학생부종합,학업우수,노어노문학과,7,12.43,8,3.26,3.43,
고려대,2025,학생부종합,학업우수,독어독문학과,7,12.71,5,2.78,3.17,
고려대,2025,학생부종합,학업우수,미디어학부,14,13.14,14,1.78,2.02,
고려대,2025,학생부종합,학업우수,보건정책관리학부,15,15.93,1,1.97,2.13,
고려대,2025,학생부종합,학업우수,불어불문학과,7,11.14,6,2.99,3.36,
고려대,2025,학생부종합,학업우수,사학과,8,12.00,3,2.07,2.41,
고려대,2025,학생부종합,학업우수,사회학과,15,15.00,6,1.78,1.93,
고려대,2025,학생부종합,학업우수,산업경영공학부,7,15.29,2,1.88,1.92,
고려대,2025,학생부종합,학업우수,서어서문학과,9,10.11,2,2.82,3.09,
고려대,2025,학생부종합,학업우수,수학교육과,7,12.29,3,1.67,1.74,
고려대,2025,학생부종합,학업우수,식품자원경제학과,10,16.60,6,1.90,2.32,
고려대,2025,학생부종합,학업우수,심리학부,8,14.88,5,1.65,2.01,
고려대,2025,학생부종합,학업우수,언어학과,6,12.83,8,2.17,2.43,
고려대,2025,학생부종합,학업우수,역사교육과,6,9.33,1,1.93,2.22,
고려대,2025,학생부종합,학업우수,영어교육과,11,9.00,6,2.68,2.86,
고려대,2025,학생부종합,학업우수,영어영문학과,20,12.20,19,2.41,2.86,
고려대,2025,학생부종합,학업우수,자유전공학부,22,19.50,24,1.90,2.27,
고려대,2025,학생부종합,학업우수,정치외교학과,15,10.80,23,1.74,2.38,
고려대,2025,학생부종합,학업우수,중어중문학과,10,11.40,3,2.19,2.54,
고려대,2025,학생부종합,학업우수,지리교육과,7,13.14,2,2.13,2.40,
고려대,2025,학생부종합,학업우수,철학과,5,19.80,6,2.12,2.31,
고려대,2025,학생부종합,학업우수,통계학과,15,17.27,10,1.94,2.36,
고려대,2025,학생부종합,학업우수,한국사학과,5,13.40,4,2.07,2.28,
고려대,2025,학생부종합,학업우수,한문학과,5,13.60,3,2.07,2.10,
고려대,2025,학생부종합,학업우수,행정학과,14,15.50,7,1.81,2.12,
고려대,2026,학생부교과,수시상세,가정교육과,7,25.29,3,1.4,1.41,교과 · 학교추천
고려대,2026,학생부교과,수시상세,건축사회환경공학부,15,16.27,24,1.4,1.43,교과 · 학교추천
고려대,2026,학생부교과,수시상세,경영대학,52,3.29,95,1.34,1.48,교과 · 학교추천
고려대,2026,학생부교과,수시상세,경제학과,21,6.67,37,1.35,1.38,교과 · 학교추천
고려대,2026,학생부교과,수시상세,교육학과,8,5.38,13,1.55,1.62,교과 · 학교추천
고려대,2026,학생부교과,수시상세,국어교육과,8,4.5,7,1.41,1.44,교과 · 학교추천
고려대,2026,학생부교과,수시상세,국어국문학과,9,3.44,13,1.36,1.44,교과 · 학교추천
고려대,2026,학생부교과,수시상세,국제학부,7,6.14,12,1.4,1.42,교과 · 학교추천
고려대,2026,학생부교과,수시상세,노어노문학과,6,9.33,4,1.53,1.56,교과 · 학교추천
고려대,2026,학생부교과,수시상세,독어독문학과,6,8,4,1.53,1.54,교과 · 학교추천
고려대,2026,학생부교과,수시상세,미디어학부,10,4.1,6,1.27,1.28,교과 · 학교추천
고려대,2026,학생부교과,수시상세,보건정책관리학부,12,7.08,5,1.39,1.42,교과 · 학교추천
고려대,2026,학생부교과,수시상세,불어불문학과,6,9.17,3,1.46,1.47,교과 · 학교추천
고려대,2026,학생부교과,수시상세,사학과,7,3.71,10,1.51,1.53,교과 · 학교추천
고려대,2026,학생부교과,수시상세,사회학과,12,4.42,10,1.34,1.35,교과 · 학교추천
고려대,2026,학생부교과,수시상세,산업경영공학부,8,7,10,1.28,1.3,교과 · 학교추천
고려대,2026,학생부교과,수시상세,서어서문학과,7,10,6,1.46,1.49,교과 · 학교추천
고려대,2026,학생부교과,수시상세,수학교육과,6,5.83,14,1.27,1.3,교과 · 학교추천
고려대,2026,학생부교과,수시상세,식품자원경제학과,9,5.22,6,1.43,1.45,교과 · 학교추천
고려대,2026,학생부교과,수시상세,심리학부,6,5.17,13,1.4,1.42,교과 · 학교추천
고려대,2026,학생부교과,수시상세,언어학과,4,5,6,1.51,1.54,교과 · 학교추천
고려대,2026,학생부교과,수시상세,역사교육과,5,3.6,7,1.44,1.46,교과 · 학교추천
고려대,2026,학생부교과,수시상세,영어교육과,9,4.22,15,1.35,1.52,교과 · 학교추천
고려대,2026,학생부교과,수시상세,영어영문학과,16,4.5,15,1.41,1.43,교과 · 학교추천
고려대,2026,학생부교과,수시상세,자유전공학부,18,5.56,32,1.23,1.3,교과 · 학교추천
고려대,2026,학생부교과,수시상세,정치외교학과,12,4.58,26,1.18,1.23,교과 · 학교추천
고려대,2026,학생부교과,수시상세,중어중문학과,8,6.63,6,1.49,1.5,교과 · 학교추천
고려대,2026,학생부교과,수시상세,지리교육과,6,6.83,3,1.47,1.51,교과 · 학교추천
고려대,2026,학생부교과,수시상세,철학과,11,4.91,20,1.47,1.48,교과 · 학교추천
고려대,2026,학생부교과,수시상세,통계학과,14,5.29,17,1.44,1.45,교과 · 학교추천
고려대,2026,학생부교과,수시상세,한국사학과,4,6,1,1.63,1.66,교과 · 학교추천
고려대,2026,학생부교과,수시상세,한문학과,4,0,"미제출 사유 : 등록인원 3명 이하, 추가 안내자료 참고",,,교과 · 학교추천
고려대,2026,학생부교과,수시상세,행정학과,12,3.17,13,1.3,1.5,교과 · 학교추천
고려대,2026,학생부종합,수시상세,가정교육과,4,14.75,3,2.19,2.79,종합 · 계열적합
고려대,2026,학생부종합,수시상세,가정교육과,2,0,미제출 사유 : 소수인원 모집,,,
고려대,2026,학생부종합,수시상세,가정교육과,7,28.29,2,1.84,2.07,종합 · 학업우수
고려대,2026,학생부종합,수시상세,건축사회환경공학부,11,14.36,13,2.35,2.74,종합 · 계열적합
고려대,2026,학생부종합,수시상세,건축사회환경공학부,4,11.75,3,1.75,1.8,종합 · 고른기회
고려대,2026,학생부종합,수시상세,건축사회환경공학부,16,26.06,6,1.82,2.07,종합 · 학업우수
고려대,2026,학생부종합,수시상세,경영대학,46,9.43,77,1.73,2.06,종합 · 계열적합
고려대,2026,학생부종합,수시상세,경영대학,4,22,3,2.15,2.35,
고려대,2026,학생부종합,수시상세,경영대학,15,8.13,15,1.78,1.9,종합 · 고른기회
고려대,2026,학생부종합,수시상세,경영대학,74,11.69,92,1.97,2.18,종합 · 학업우수
고려대,2026,학생부종합,수시상세,경제학과,15,11,41,1.99,2.32,종합 · 계열적합
고려대,2026,학생부종합,수시상세,경제학과,2,0,미제출 사유 : 소수인원 모집,,,
고려대,2026,학생부종합,수시상세,경제학과,6,7.67,10,1.72,1.76,종합 · 고른기회
고려대,2026,학생부종합,수시상세,경제학과,25,11.36,33,1.86,2.27,종합 · 학업우수
고려대,2026,학생부종합,수시상세,교육학과,6,14.33,1,1.64,1.75,종합 · 계열적합
고려대,2026,학생부종합,수시상세,교육학과,2,0,미제출 사유 : 소수인원 모집,,,
고려대,2026,학생부종합,수시상세,교육학과,10,10.2,10,1.68,1.78,종합 · 학업우수
고려대,2026,학생부종합,수시상세,국어교육과,6,10.33,6,2.07,2.46,종합 · 계열적합
고려대,2026,학생부종합,수시상세,국어교육과,2,0,미제출 사유 : 소수인원 모집,,,
고려대,2026,학생부종합,수시상세,국어교육과,9,12.44,8,1.98,2.0,종합 · 학업우수
고려대,2026,학생부종합,수시상세,국어국문학과,7,14.29,8,2.45,2.58,종합 · 계열적합
고려대,2026,학생부종합,수시상세,국어국문학과,3,0,미제출 사유 : 소수인원 모집,,,
고려대,2026,학생부종합,수시상세,국어국문학과,11,15.91,9,1.94,2.53,종합 · 학업우수
고려대,2026,학생부종합,수시상세,국제학부,10,18.7,23,2.34,2.47,종합 · 계열적합
고려대,2026,학생부종합,수시상세,국제학부,2,0,미제출 사유 : 소수인원 모집,,,
고려대,2026,학생부종합,수시상세,국제학부,10,13.9,8,2.32,2.39,종합 · 학업우수
고려대,2026,학생부종합,수시상세,글로벌한국융합학부,5,18.8,3,2.82,2.83,종합 · 계열적합
고려대,2026,학생부종합,수시상세,노어노문학과,4,11.25,7,2.44,2.59,종합 · 계열적합
고려대,2026,학생부종합,수시상세,노어노문학과,2,0,미제출 사유 : 소수인원 모집,,,
고려대,2026,학생부종합,수시상세,노어노문학과,7,15.86,2,3.09,3.42,종합 · 학업우수
고려대,2026,학생부종합,수시상세,독어독문학과,4,13,11,2.77,2.88,종합 · 계열적합
고려대,2026,학생부종합,수시상세,독어독문학과,2,0,미제출 사유 : 소수인원 모집,,,
고려대,2026,학생부종합,수시상세,독어독문학과,6,12.5,3,2.8,2.89,종합 · 학업우수
고려대,2026,학생부종합,수시상세,미디어학부,8,13.25,17,1.98,2.23,종합 · 계열적합
고려대,2026,학생부종합,수시상세,미디어학부,4,9.75,3,1.83,2.08,종합 · 고른기회
고려대,2026,학생부종합,수시상세,미디어학부,14,12.36,18,1.8,2.06,종합 · 학업우수
고려대,2026,학생부종합,수시상세,보건정책관리학부,9,17.56,2,2.86,2.96,종합 · 계열적합
고려대,2026,학생부종합,수시상세,보건정책관리학부,4,8.5,4,1.56,1.75,종합 · 고른기회
고려대,2026,학생부종합,수시상세,보건정책관리학부,15,14.73,5,2.01,2.64,종합 · 학업우수
고려대,2026,학생부종합,수시상세,불어불문학과,5,13.2,8,2.02,2.43,종합 · 계열적합
고려대,2026,학생부종합,수시상세,불어불문학과,2,0,미제출 사유 : 소수인원 모집,,,
고려대,2026,학생부종합,수시상세,불어불문학과,7,11.43,7,2.97,3.13,종합 · 학업우수
고려대,2026,학생부종합,수시상세,사학과,5,15.6,5,1.95,2.24,종합 · 계열적합
고려대,2026,학생부종합,수시상세,사학과,2,0,미제출 사유 : 소수인원 모집,,,
고려대,2026,학생부종합,수시상세,사학과,8,14.63,4,1.79,2.06,종합 · 학업우수
고려대,2026,학생부종합,수시상세,사회학과,9,14.78,22,1.71,1.88,종합 · 계열적합
고려대,2026,학생부종합,수시상세,사회학과,4,11.5,4,2.11,2.32,종합 · 고른기회
고려대,2026,학생부종합,수시상세,사회학과,15,11.33,13,1.81,2.0,종합 · 학업우수
고려대,2026,학생부종합,수시상세,산업경영공학부,6,14.67,8,2.43,3.18,종합 · 계열적합
고려대,2026,학생부종합,수시상세,산업경영공학부,2,0,미제출 사유 : 소수인원 모집,,,
고려대,2026,학생부종합,수시상세,산업경영공학부,7,18.43,6,1.6,1.64,종합 · 학업우수
고려대,2026,학생부종합,수시상세,서어서문학과,6,10.17,12,2.28,2.51,종합 · 계열적합
고려대,2026,학생부종합,수시상세,서어서문학과,2,0,미제출 사유 : 소수인원 모집,,,
고려대,2026,학생부종합,수시상세,서어서문학과,10,11.7,2,2.52,2.86,종합 · 학업우수
고려대,2026,학생부종합,수시상세,수학교육과,4,11.75,0,1.59,1.97,종합 · 계열적합
고려대,2026,학생부종합,수시상세,수학교육과,2,0,미제출 사유 : 소수인원 모집,,,
고려대,2026,학생부종합,수시상세,수학교육과,7,13.57,7,1.54,1.6,종합 · 학업우수
고려대,2026,학생부종합,수시상세,식품자원경제학과,6,13.67,8,1.98,2.3,종합 · 계열적합
고려대,2026,학생부종합,수시상세,식품자원경제학과,3,0,미제출 사유 : 소수인원 모집,,,
고려대,2026,학생부종합,수시상세,식품자원경제학과,10,14.6,4,1.85,1.9,종합 · 학업우수
고려대,2026,학생부종합,수시상세,심리학부,5,11.8,10,1.69,2.17,종합 · 계열적합
고려대,2026,학생부종합,수시상세,심리학부,2,0,미제출 사유 : 소수인원 모집,,,
고려대,2026,학생부종합,수시상세,심리학부,8,12.25,9,1.68,1.83,종합 · 학업우수
고려대,2026,학생부종합,수시상세,언어학과,3,0,미제출 사유 : 소수인원 모집,,,종합 · 계열적합
고려대,2026,학생부종합,수시상세,언어학과,1,0,미제출 사유 : 소수인원 모집,,,
고려대,2026,학생부종합,수시상세,언어학과,7,12,3,1.88,2.04,종합 · 학업우수
고려대,2026,학생부종합,수시상세,역사교육과,4,10.5,4,2.63,3.0,종합 · 계열적합
고려대,2026,학생부종합,수시상세,역사교육과,1,0,미제출 사유 : 소수인원 모집,,,
고려대,2026,학생부종합,수시상세,역사교육과,6,10.17,2,1.79,1.94,종합 · 학업우수
고려대,2026,학생부종합,수시상세,영어교육과,7,11.29,3,2.33,2.86,종합 · 계열적합
고려대,2026,학생부종합,수시상세,영어교육과,3,0,미제출 사유 : 소수인원 모집,,,
고려대,2026,학생부종합,수시상세,영어교육과,11,10.36,9,1.81,2.17,종합 · 학업우수
고려대,2026,학생부종합,수시상세,영어영문학과,12,11.08,23,2.41,2.61,종합 · 계열적합
고려대,2026,학생부종합,수시상세,영어영문학과,1,0,미제출 사유 : 소수인원 모집,,,
고려대,2026,학생부종합,수시상세,영어영문학과,5,6.8,5,1.96,1.96,종합 · 고른기회
고려대,2026,학생부종합,수시상세,영어영문학과,20,10.3,21,2.18,2.44,종합 · 학업우수
고려대,2026,학생부종합,수시상세,자유전공학부,5,10.6,2,1.42,1.5,종합 · 고른기회
고려대,2026,학생부종합,수시상세,자유전공학부,21,16.05,28,2.24,2.56,종합 · 학업우수
고려대,2026,학생부종합,수시상세,정치외교학과,9,16,29,2.0,2.17,종합 · 계열적합
고려대,2026,학생부종합,수시상세,정치외교학과,4,11.75,7,1.63,1.8,종합 · 고른기회
고려대,2026,학생부종합,수시상세,정치외교학과,15,11.87,27,1.61,1.9,종합 · 학업우수
고려대,2026,학생부종합,수시상세,중어중문학과,6,12,16,2.35,2.47,종합 · 계열적합
고려대,2026,학생부종합,수시상세,중어중문학과,2,0,미제출 사유 : 소수인원 모집,,,
고려대,2026,학생부종합,수시상세,중어중문학과,10,9.1,7,3.15,3.27,종합 · 학업우수
고려대,2026,학생부종합,수시상세,지리교육과,4,11.25,4,2.27,2.94,종합 · 계열적합
고려대,2026,학생부종합,수시상세,지리교육과,2,0,미제출 사유 : 소수인원 모집,,,
고려대,2026,학생부종합,수시상세,지리교육과,7,12.57,1,1.78,1.81,종합 · 학업우수
고려대,2026,학생부종합,수시상세,철학과,3,0,"미제출 사유 : 등록인원 3명 이하, 추가 안내자료 참고",,,종합 · 계열적합
고려대,2026,학생부종합,수시상세,철학과,2,0,미제출 사유 : 소수인원 모집,,,
고려대,2026,학생부종합,수시상세,철학과,5,24,7,1.74,2.75,종합 · 학업우수
고려대,2026,학생부종합,수시상세,통계학과,11,10.18,6,2.82,3.06,종합 · 계열적합
고려대,2026,학생부종합,수시상세,통계학과,4,7.75,3,1.71,1.72,종합 · 고른기회
고려대,2026,학생부종합,수시상세,통계학과,16,13.25,6,1.7,2.16,종합 · 학업우수
고려대,2026,학생부종합,수시상세,한국사학과,3,0,"미제출 사유 : 등록인원 3명 이하, 추가 안내자료 참고",,,종합 · 계열적합
고려대,2026,학생부종합,수시상세,한국사학과,1,0,미제출 사유 : 소수인원 모집,,,
고려대,2026,학생부종합,수시상세,한국사학과,5,13.8,2,1.98,2.48,종합 · 학업우수
고려대,2026,학생부종합,수시상세,한문학과,3,0,미제출 사유 : 소수인원 모집,,,종합 · 계열적합
고려대,2026,학생부종합,수시상세,한문학과,1,0,미제출 사유 : 소수인원 모집,,,
고려대,2026,학생부종합,수시상세,한문학과,5,14.2,4,2.18,2.96,종합 · 학업우수
고려대,2026,학생부종합,수시상세,행정학과,9,15.11,15,2.42,2.67,종합 · 계열적합
고려대,2026,학생부종합,수시상세,행정학과,4,9,3,1.57,1.68,종합 · 고른기회
고려대,2026,학생부종합,수시상세,행정학과,14,13.71,2,1.81,2.06,종합 · 학업우수
서강대,2022,학생부교과,학생부교과(고교장추천),경영학,28,11.32,91,850.65,846.8,
서강대,2022,학생부교과,학생부교과(고교장추천),경제학,18,9.22,52,838.38,824.10,
서강대,2022,학생부교과,학생부교과(고교장추천),사회과학부,11,13.45,45,839.85,837.36,
서강대,2022,학생부교과,학생부교과(고교장추천),영미문화계,10,8.50,30,812.99,799.31,
서강대,2022,학생부교과,학생부교과(고교장추천),유럽문화,6,9.50,11,793.78,782.74,
서강대,2022,학생부교과,학생부교과(고교장추천),인문계,14,9.86,37,826.22,818.45,
서강대,2022,학생부교과,학생부교과(고교장추천),중국문화,4,14.00,4,811.55,795.07,
서강대,2022,학생부교과,학생부교과(고교장추천),지식융합미디어학부,15,9.07,42,829.50,820.15,
서강대,2022,학생부종합,학생부종합(고른기회),경영학,13,14.31,13,2.10,2.82,
서강대,2022,학생부종합,학생부종합(고른기회),경제학,7,9.71,10,1.84,2.00,
서강대,2022,학생부종합,학생부종합(고른기회),사회과학부,5,20.60,4,1.70,1.76,
서강대,2022,학생부종합,학생부종합(고른기회),영미문화계,5,9.40,6,1.91,2.09,
서강대,2022,학생부종합,학생부종합(고른기회),인문계,6,11.00,10,1.87,2.22,
서강대,2022,학생부종합,학생부종합(고른기회),지식융합미디어학부,5,19.20,2,1.41,1.44,
서강대,2022,학생부종합,학생부종합(사회통합),경영학,4,9.00,3,1.88,2.08,
서강대,2022,학생부종합,학생부종합(사회통합),경제학,2,10.00,3,-,-,
서강대,2022,학생부종합,학생부종합(사회통합),사회과학부,2,14.50,0,-,-,
서강대,2022,학생부종합,학생부종합(사회통합),영미문화계,2,10.50,3,-,-,
서강대,2022,학생부종합,학생부종합(사회통합),인문계,2,12.00,2,-,-,
서강대,2022,학생부종합,학생부종합(사회통합),지식융합미디어학부,2,12.00,1,-,-,
서강대,2022,학생부종합,학생부종합(일반),경영학,95,10.01,162,2.13,3.09,
서강대,2022,학생부종합,학생부종합(일반),경제학,56,8.00,83,2.20,3.21,
서강대,2022,학생부종합,학생부종합(일반),국어국문학,10,12.30,12,3.25,3.76,
서강대,2022,학생부종합,학생부종합(일반),글로벌한국학,12,13.58,13,2.54,2.96,
서강대,2022,학생부종합,학생부종합(일반),미디어&엔터테인먼트,12,14.42,22,1.54,1.75,
서강대,2022,학생부종합,학생부종합(일반),사학,10,13.80,11,3.20,3.26,
서강대,2022,학생부종합,학생부종합(일반),사회학,11,23.64,17,1.53,1.71,
서강대,2022,학생부종합,학생부종합(일반),신문방송학,12,12.08,12,1.60,1.73,
서강대,2022,학생부종합,학생부종합(일반),심리학,11,13.82,16,1.67,1.81,
서강대,2022,학생부종합,학생부종합(일반),영미문화계,29,10.86,50,2.21,2.56,
서강대,2022,학생부종합,학생부종합(일반),유럽문화,25,14.28,36,3.29,3.62,
서강대,2022,학생부종합,학생부종합(일반),정치외교학,11,19.82,21,2.71,2.82,
서강대,2022,학생부종합,학생부종합(일반),종교학,8,11.75,5,2.58,4.00,
서강대,2022,학생부종합,학생부종합(일반),중국문화,16,10.44,19,3.38,3.56,
서강대,2022,학생부종합,학생부종합(일반),철학,10,11.80,7,3.88,4.39,
서강대,2023,학생부교과,학생부교과(고교장추천),경영학부,28,6.82,91,831.5,825.8,
서강대,2023,학생부교과,학생부교과(고교장추천),경제학과,18,7.78,64,824.9,818.7,
서강대,2023,학생부교과,학생부교과(고교장추천),사회과학부,11,8.36,53,826.7,818.5,
서강대,2023,학생부교과,학생부교과(고교장추천),유럽문화학과,6,16.33,19,814.5,812.2,
서강대,2023,학생부교과,학생부교과(고교장추천),인문학부,14,9.36,52,812.2,810.9,
서강대,2023,학생부교과,학생부교과(고교장추천),중국문화학과,4,15.25,12,798.3,798.3,
서강대,2023,학생부교과,학생부교과(고교장추천),지식융합미디어학부,14,7.79,52,829.9,828.1,
서강대,2023,학생부종합,학생부종합(고른기회),경영학부,13,16.92,32,1.82,2.04,
서강대,2023,학생부종합,학생부종합(고른기회),경제학과,7,10.71,12,1.47,1.58,
서강대,2023,학생부종합,학생부종합(고른기회),사회과학부,5,16.60,8,1.82,1.86,
서강대,2023,학생부종합,학생부종합(고른기회),유럽문화학과,3,8.33,7,-,-,
서강대,2023,학생부종합,학생부종합(고른기회),인문학부,6,12.17,16,1.94,1.97,
서강대,2023,학생부종합,학생부종합(고른기회),중국문화학과,2,9.00,3,-,-,
서강대,2023,학생부종합,학생부종합(고른기회),지식융합미디어학부,5,16.20,9,1.75,2.12,
서강대,2023,학생부종합,학생부종합(사회통합),경영학부,4,10.75,7,1.87,1.87,
서강대,2023,학생부종합,학생부종합(사회통합),경제학과,2,8.00,3,-,-,
서강대,2023,학생부종합,학생부종합(사회통합),사회과학부,2,14.00,6,-,-,
서강대,2023,학생부종합,학생부종합(사회통합),인문학부,2,12.50,4,-,-,
서강대,2023,학생부종합,학생부종합(사회통합),지식융합미디어학부,2,11.50,3,-,-,
서강대,2023,학생부종합,학생부종합(일반),경영학부,93,11.24,265,2.17,3.01,
서강대,2023,학생부종합,학생부종합(일반),경제학과,57,8.93,146,2.27,2.95,
서강대,2023,학생부종합,학생부종합(일반),국어국문학과,10,17.20,18,1.83,3.19,
서강대,2023,학생부종합,학생부종합(일반),글로벌한국학과,12,11.67,19,1.71,1.83,
서강대,2023,학생부종합,학생부종합(일반),미디어&엔터테인먼트학과,12,11.58,18,1.62,1.75,
서강대,2023,학생부종합,학생부종합(일반),사학과,10,17.10,36,3.35,3.68,
서강대,2023,학생부종합,학생부종합(일반),사회학과,11,16.55,42,1.83,1.96,
서강대,2023,학생부종합,학생부종합(일반),신문방송학과,12,10.50,32,1.61,1.65,
서강대,2023,학생부종합,학생부종합(일반),심리학과,11,13.18,32,1.78,2.71,
서강대,2023,학생부종합,학생부종합(일반),유럽문화학과,21,16.90,47,3.12,3.30,
서강대,2023,학생부종합,학생부종합(일반),정치외교학과,11,21.09,36,1.77,1.84,
서강대,2023,학생부종합,학생부종합(일반),종교학과,8,14.75,17,3.52,3.80,
서강대,2023,학생부종합,학생부종합(일반),중국문화학과,15,11.87,30,2.40,2.88,
서강대,2023,학생부종합,학생부종합(일반),철학과,10,26.80,23,3.36,3.67,
서강대,2024,학생부교과,학생부교과(지역균형),경영학부,33,3.97 : 1,70,823.00,818.00,
서강대,2024,학생부교과,학생부교과(지역균형),경제학과,18,5.28 : 1,55,853.00,850.00,
서강대,2024,학생부교과,학생부교과(지역균형),글로벌한국학부,3,6.67 : 1,1,710.00,592.00,
서강대,2024,학생부교과,학생부교과(지역균형),사회과학부,11,7.55 : 1,62,859.00,856.00,
서강대,2024,학생부교과,학생부교과(지역균형),유럽문화학과,6,8.67 : 1,28,824.00,819.00,
서강대,2024,학생부교과,학생부교과(지역균형),인문학부,14,7.29 : 1,65,838.00,836.00,
서강대,2024,학생부교과,학생부교과(지역균형),중국문화학과,4,10.00 : 1,8,844.00,844.00,
서강대,2024,학생부교과,학생부교과(지역균형),지식융합미디어학부,7,6.43 : 1,24,808.00,768.00,
서강대,2024,학생부종합,학생부종합(기회균형),경영학부,14,14.00 : 1,10,1.72,1.84,
서강대,2024,학생부종합,학생부종합(기회균형),경제학과,8,10.38 : 1,10,1.97,2.11,
서강대,2024,학생부종합,학생부종합(기회균형),사회과학부,5,13.00 : 1,8,1.93,2.03,
서강대,2024,학생부종합,학생부종합(기회균형),유럽문화학과,4,9.75 : 1,9,2.03,2.03,
서강대,2024,학생부종합,학생부종합(기회균형),인문학부,7,10.57 : 1,2,1.88,1.94,
서강대,2024,학생부종합,학생부종합(기회균형),중국문화학과,3,8.00 : 1,2,2.45,2.84,
서강대,2024,학생부종합,학생부종합(기회균형),지식융합미디어학부,6,15.50 : 1,2,1.88,2.18,
서강대,2024,학생부종합,학생부종합(서강가치),경영학부,5,11.60 : 1,3,1.96,2.05,
서강대,2024,학생부종합,학생부종합(서강가치),경제학과,3,10.67 : 1,1,3.13,3.56,
서강대,2024,학생부종합,학생부종합(서강가치),사회과학부,3,19.00 : 1,8,1.93,3.36,
서강대,2024,학생부종합,학생부종합(서강가치),인문학부,3,17.67 : 1,2,1.8,3.17,
서강대,2024,학생부종합,학생부종합(서강가치),지식융합미디어학부,3,15.00 : 1,6,1.72,1.8,
서강대,2024,학생부종합,학생부종합(일반),게페르트국제학부,5,17.00 : 1,3,3.34,3.64,
서강대,2024,학생부종합,학생부종합(일반),경영학부,85,11.05 : 1,103,2.94,3.47,
서강대,2024,학생부종합,학생부종합(일반),경제학과,50,9.30 : 1,78,2.42,3.21,
서강대,2024,학생부종합,학생부종합(일반),국어국문학과,10,14.10 : 1,18,2.63,3.2,
서강대,2024,학생부종합,학생부종합(일반),글로벌한국학부,9,10.56 : 1,5,3.02,3.43,
서강대,2024,학생부종합,학생부종합(일반),미디어&엔터테인먼트학과,14,9.64 : 1,13,1.63,1.92,
서강대,2024,학생부종합,학생부종합(일반),사학과,10,21.20 : 1,24,2.89,3.49,
서강대,2024,학생부종합,학생부종합(일반),사회학과,11,16.18 : 1,28,1.67,1.98,
서강대,2024,학생부종합,학생부종합(일반),신문방송학과,18,8.94 : 1,16,1.68,1.99,
서강대,2024,학생부종합,학생부종합(일반),심리학과,11,15.55 : 1,18,1.6,1.74,
서강대,2024,학생부종합,학생부종합(일반),유럽문화학과,20,14.70 : 1,45,2.86,3.33,
서강대,2024,학생부종합,학생부종합(일반),정치외교학과,11,12.00 : 1,24,1.6,1.8,
서강대,2024,학생부종합,학생부종합(일반),종교학과,8,19.88 : 1,9,3.19,3.5,
서강대,2024,학생부종합,학생부종합(일반),중국문화학과,13,9.77 : 1,19,3.05,3.39,
서강대,2024,학생부종합,학생부종합(일반),철학과,10,24.30 : 1,16,3.58,3.73,
서강대,2025,학생부교과,학생부교과(지역균형),AI기반자유전공학부,5,17.80 : 1,8,852.1,851.89,
서강대,2025,학생부교과,학생부교과(지역균형),Science기반자유전공학부,5,16.00 : 1,14,836.73,829.73,
서강대,2025,학생부교과,학생부교과(지역균형),경영학부,26,15.08 : 1,126,853.51,848.72,
서강대,2025,학생부교과,학생부교과(지역균형),경제학과,16,13.56 : 1,57,847.92,836.59,
서강대,2025,학생부교과,학생부교과(지역균형),글로벌한국학부,3,18.33 : 1,0,-,-,
서강대,2025,학생부교과,학생부교과(지역균형),사회과학부,9,14.56 : 1,55,846.85,832.11,
서강대,2025,학생부교과,학생부교과(지역균형),유럽문화학과,6,18.67 : 1,15,833.04,832.76,
서강대,2025,학생부교과,학생부교과(지역균형),인문학기반자유전공학부,10,17.90 : 1,21,843.52,837.79,
서강대,2025,학생부교과,학생부교과(지역균형),인문학부,12,13.58 : 1,74,836.94,833.61,
서강대,2025,학생부교과,학생부교과(지역균형),중국문화학과,4,16.25 : 1,3,828.83,828.83,
서강대,2025,학생부교과,학생부교과(지역균형),지식융합미디어학부,10,16.30 : 1,35,847.22,842.98,
서강대,2025,학생부종합,학생부종합(기회균형),경영학부,14,12.00 : 1,14,1.74,1.83,
서강대,2025,학생부종합,학생부종합(기회균형),경제학과,8,10.50 : 1,5,1.93,1.93,
서강대,2025,학생부종합,학생부종합(기회균형),사회과학부,5,16.40 : 1,6,1.77,1.81,
서강대,2025,학생부종합,학생부종합(기회균형),유럽문화학과,4,7.50 : 1,2,-,-,
서강대,2025,학생부종합,학생부종합(기회균형),인문학부,7,11.14 : 1,11,1.94,1.96,
서강대,2025,학생부종합,학생부종합(기회균형),중국문화학과,3,8.67 : 1,2,-,-,
서강대,2025,학생부종합,학생부종합(기회균형),지식융합미디어학부,6,16.67 : 1,6,1.97,1.99,
서강대,2025,학생부종합,학생부종합(서강가치),경영학부,5,15.80 : 1,0,1.64,2.96,
서강대,2025,학생부종합,학생부종합(서강가치),경제학과,3,15.33 : 1,0,-,-,
서강대,2025,학생부종합,학생부종합(서강가치),사회과학부,3,30.33 : 1,2,-,-,
서강대,2025,학생부종합,학생부종합(서강가치),인문학부,3,17.67 : 1,0,-,-,
서강대,2025,학생부종합,학생부종합(서강가치),지식융합미디어학부,3,16.00 : 1,1,-,-,
서강대,2025,학생부종합,학생부종합(일반),AI기반자유전공학부,10,20.90 : 1,3,3.26,3.37,
서강대,2025,학생부종합,학생부종합(일반),게페르트국제학부,5,18.80 : 1,10,3.38,3.51,
서강대,2025,학생부종합,학생부종합(일반),경영학부,84,12.76 : 1,137,3.20,3.68,
서강대,2025,학생부종합,학생부종합(일반),경제학과,50,9.54 : 1,55,3.42,3.57,
서강대,2025,학생부종합,학생부종합(일반),국어국문학과,10,14.30 : 1,11,3.36,3.64,
서강대,2025,학생부종합,학생부종합(일반),글로벌한국학부,6,11.67 : 1,1,3.52,3.60,
서강대,2025,학생부종합,학생부종합(일반),미디어&엔터테인먼트학과,14,8.86 : 1,9,1.86,2.51,
서강대,2025,학생부종합,학생부종합(일반),사학과,10,17.50 : 1,8,3.20,3.50,
서강대,2025,학생부종합,학생부종합(일반),사회학과,11,13.45 : 1,17,2.91,2.99,
서강대,2025,학생부종합,학생부종합(일반),신문방송학과,18,8.44 : 1,10,3.26,3.50,
서강대,2025,학생부종합,학생부종합(일반),심리학과,11,10.45 : 1,18,2.16,3.49,
서강대,2025,학생부종합,학생부종합(일반),유럽문화학과,20,11.40 : 1,44,3.28,3.53,
서강대,2025,학생부종합,학생부종합(일반),인문학기반자유전공학부,10,17.20 : 1,9,3.30,3.50,
서강대,2025,학생부종합,학생부종합(일반),정치외교학과,11,11.82 : 1,20,1.95,2.08,
서강대,2025,학생부종합,학생부종합(일반),종교학과,8,15.00 : 1,8,3.47,3.88,
서강대,2025,학생부종합,학생부종합(일반),중국문화학과,14,9.79 : 1,10,3.21,3.60,
서강대,2025,학생부종합,학생부종합(일반),철학과,10,23.50 : 1,17,3.57,3.77,
서강대,2026,학생부교과,수시상세,AI기반자유전공학부,5,13.8,16,1.39,1.39,교과 · 고교장추천/지역균형
서강대,2026,학생부교과,수시상세,SCIENCE기반자유전공학부,5,23.2,17,1.39,1.42,
서강대,2026,학생부교과,수시상세,경영학부(경영학전공),29,9.48,160,1.46,1.6,
서강대,2026,학생부교과,수시상세,경제학과,16,9.44,69,1.5,1.55,교과 · 고교장추천/지역균형
서강대,2026,학생부교과,수시상세,사회과학부,9,12.67,71,1.39,1.4,교과 · 고교장추천/지역균형
서강대,2026,학생부교과,수시상세,유럽문화학과,5,10.6,13,1.64,1.65,교과 · 고교장추천/지역균형
서강대,2026,학생부교과,수시상세,인문학기반자유전공학부,10,13.4,36,1.42,1.47,교과 · 고교장추천/지역균형
서강대,2026,학생부교과,수시상세,인문학부,12,13,54,1.57,1.59,교과 · 고교장추천/지역균형
서강대,2026,학생부교과,수시상세,중국문화학과,4,10.5,7,1.64,1.64,교과 · 고교장추천/지역균형
서강대,2026,학생부교과,수시상세,지식융합미디어학부,10,9.7,50,1.61,1.65,교과 · 고교장추천/지역균형
서강대,2026,학생부종합,수시상세,AI기반자유전공학부,10,16.8,10,2.98,3.09,종합 · 일반
서강대,2026,학생부종합,수시상세,SCIENCE기반자유전공학부,5,22,8,1.85,1.85,
서강대,2026,학생부종합,수시상세,게페르트국제학부,5,17.6,4,3.33,3.63,종합 · 일반
서강대,2026,학생부종합,수시상세,경영학부(경영학전공),5,12.2,3,2.45,2.85,
서강대,2026,학생부종합,수시상세,경영학부(경영학전공),14,7.86,9,1.86,1.96,
서강대,2026,학생부종합,수시상세,경영학부(경영학전공),0,0,"미제출 사유 : 계열별 선발, 입시결과 첨부파일로 업로드",,,
서강대,2026,학생부종합,수시상세,경영학부(경영학전공),80,11.58,126,3.06,3.34,
서강대,2026,학생부종합,수시상세,경제학과,3,12.67,0,,,종합 · 사회통합/서강가치
서강대,2026,학생부종합,수시상세,경제학과,8,8.25,8,1.71,1.77,종합 · 기회균형
서강대,2026,학생부종합,수시상세,경제학과,0,0,"미제출 사유 : 계열별 선발, 입시결과 첨부파일로 업로드",,,
서강대,2026,학생부종합,수시상세,경제학과,50,8.56,57,2.93,3.33,종합 · 일반
서강대,2026,학생부종합,수시상세,국어국문학과,10,11.5,11,2.04,3.07,종합 · 일반
서강대,2026,학생부종합,수시상세,글로벌한국학부,8,11.88,10,3.47,3.5,종합 · 일반
서강대,2026,학생부종합,수시상세,미디어&엔터테인먼트학과,14,10.14,13,1.9,2.16,종합 · 일반
서강대,2026,학생부종합,수시상세,사학과,10,14.4,11,3.02,3.86,종합 · 일반
서강대,2026,학생부종합,수시상세,사회과학부,3,21,0,,,종합 · 사회통합/서강가치
서강대,2026,학생부종합,수시상세,사회과학부,5,16.8,8,1.74,1.82,종합 · 기회균형
서강대,2026,학생부종합,수시상세,사회학과,11,13.82,16,1.97,2.42,종합 · 일반
서강대,2026,학생부종합,수시상세,신문방송학과,18,10.22,15,2.63,2.9,종합 · 일반
서강대,2026,학생부종합,수시상세,심리학과,11,13.18,14,1.9,1.95,종합 · 일반
서강대,2026,학생부종합,수시상세,유럽문화학과,4,10,3,3.16,3.16,종합 · 기회균형
서강대,2026,학생부종합,수시상세,유럽문화학과,18,12.5,27,3.02,3.23,종합 · 일반
서강대,2026,학생부종합,수시상세,인문학기반자유전공학부,10,16.4,21,2.04,2.38,종합 · 일반
서강대,2026,학생부종합,수시상세,인문학부,3,16.67,2,,,종합 · 사회통합/서강가치
서강대,2026,학생부종합,수시상세,인문학부,7,11.71,10,1.78,1.8,종합 · 기회균형
서강대,2026,학생부종합,수시상세,정치외교학과,11,11.45,26,1.75,1.84,종합 · 일반
서강대,2026,학생부종합,수시상세,종교학과,8,13.13,5,3.14,3.23,종합 · 일반
서강대,2026,학생부종합,수시상세,중국문화학과,3,10.67,1,,,종합 · 기회균형
서강대,2026,학생부종합,수시상세,중국문화학과,13,9.46,17,3.01,3.03,종합 · 일반
서강대,2026,학생부종합,수시상세,지식융합미디어학부,3,16.67,1,,,종합 · 사회통합/서강가치
서강대,2026,학생부종합,수시상세,지식융합미디어학부,6,11.33,4,1.88,1.92,종합 · 기회균형
서강대,2026,학생부종합,수시상세,지식융합미디어학부,0,0,"미제출 사유 : 계열별 선발, 입시결과 첨부파일로 업로드",,,
서강대,2026,학생부종합,수시상세,철학과,10,19.6,15,2.97,3.57,종합 · 일반
한양대,2021,학생부교과,학생부교과 전형,건축학부(인문),3,7.0,4,3명 이하,"1,000",
한양대,2021,학생부교과,학생부교과 전형,경영학부,19,6.2,65,983.4X,"1,000",
한양대,2021,학생부교과,학생부교과 전형,경제금융학부,13,6.2,39,980.7X,"1,000",
한양대,2021,학생부교과,학생부교과 전형,관광학부,4,4.8,0,974.3X,"1,000",
한양대,2021,학생부교과,학생부교과 전형,교육공학과,4,7.8,14,3명 이하,"1,000",
한양대,2021,학생부교과,학생부교과 전형,교육학과,4,9.3,20,3명 이하,"1,000",
한양대,2021,학생부교과,학생부교과 전형,국어교육과,4,6.3,10,981.0X,"1,000",
한양대,2021,학생부교과,학생부교과 전형,국어국문학과,4,10.0,14,975.9X,"1,000",
한양대,2021,학생부교과,학생부교과 전형,미디어커뮤니케이션학과,5,5.4,14,3명 이하,"1,000",
한양대,2021,학생부교과,학생부교과 전형,사학과,4,8.0,15,979.0X,"1,000",
한양대,2021,학생부교과,학생부교과 전형,사회학과,5,6.6,13,965.2X,"1,000",
한양대,2021,학생부교과,학생부교과 전형,수학교육과,3,7.7,11,3명 이하,"1,000",
한양대,2021,학생부교과,학생부교과 전형,실내건축디자인학과(인문),6,5.7,7,972.2X,"1,000",
한양대,2021,학생부교과,학생부교과 전형,심리뇌과학과,4,5.3,6,953.5X,"1,000",
한양대,2021,학생부교과,학생부교과 전형,영어교육과,4,6.8,16,986.9X,"1,000",
한양대,2021,학생부교과,학생부교과 전형,영어영문학과,5,8.6,12,961.8X,"1,000",
한양대,2021,학생부교과,학생부교과 전형,의류학과(인문),7,5.7,18,982.5X,"1,000",
한양대,2021,학생부교과,학생부교과 전형,의류학과(자연),4,6.0,4,978.0X,"1,000",
한양대,2021,학생부교과,학생부교과 전형,정보시스템학과(상경),4,5.5,3,985.7X,"1,000",
한양대,2021,학생부교과,학생부교과 전형,정책학과,9,5.6,26,983.3X,"1,000",
한양대,2021,학생부교과,학생부교과 전형,정치외교학과,4,6.0,18,3명 이하,"1,000",
한양대,2021,학생부교과,학생부교과 전형,중어중문학과,5,6.0,10,966.0X,"1,000",
한양대,2021,학생부교과,학생부교과 전형,철학과,4,5.3,4,3명 이하,"1,000",
한양대,2021,학생부교과,학생부교과 전형,파이낸스경영학과,5,6.4,11,976.2X,"1,000",
한양대,2021,학생부교과,학생부교과 전형,행정학과,4,6.0,3,977.0X,"1,000",
한양대,2021,학생부종합,학생부종합(일반)전형,간호학과(인문),11,9.2,10,3.3X,4.1X,
한양대,2021,학생부종합,학생부종합(일반)전형,건축학부(인문),4,8.3,0,1.5X,3.3X,
한양대,2021,학생부종합,학생부종합(일반)전형,경영학부,99,8.8,104,1.8X,2.0X,
한양대,2021,학생부종합,학생부종합(일반)전형,경영학부(자연),12,8.2,6,3.5X,3.9X,
한양대,2021,학생부종합,학생부종합(일반)전형,경제금융학부,38,7.2,45,1.8X,3.3X,
한양대,2021,학생부종합,학생부종합(일반)전형,경제금융학부(자연),5,7.2,4,2.5X,2.9X,
한양대,2021,학생부종합,학생부종합(일반)전형,관광학부,11,12.1,4,2.2X,3.1X,
한양대,2021,학생부종합,학생부종합(일반)전형,교육공학과,7,20.1,13,3.6X,3.7X,
한양대,2021,학생부종합,학생부종합(일반)전형,교육학과,7,22.9,17,3.5X,3.6X,
한양대,2021,학생부종합,학생부종합(일반)전형,국어교육과,8,15.1,17,3.3X,3.7X,
한양대,2021,학생부종합,학생부종합(일반)전형,국어국문학과,9,16.2,14,3.5X,3.6X,
한양대,2021,학생부종합,학생부종합(일반)전형,국제학부,10,15.3,18,3.2X,3.6X,
한양대,2021,학생부종합,학생부종합(일반)전형,독어독문학과,12,8.3,6,3.6X,4.2X,
한양대,2021,학생부종합,학생부종합(일반)전형,미디어커뮤니케이션학과,14,23.9,29,1.7X,2.6X,
한양대,2021,학생부종합,학생부종합(일반)전형,사학과,7,19.4,9,3.8X,3.9X,
한양대,2021,학생부종합,학생부종합(일반)전형,사회학과,8,20.5,15,1.7X,2.6X,
한양대,2021,학생부종합,학생부종합(일반)전형,수학교육과,4,13.5,3,1.4X,1.4X,
한양대,2021,학생부종합,학생부종합(일반)전형,실내건축디자인학과(인문),15,8.0,3,3.4X,4.2X,
한양대,2021,학생부종합,학생부종합(일반)전형,심리뇌과학과,28,14.0,19,2.8X,3.7X,
한양대,2021,학생부종합,학생부종합(일반)전형,연극영화학과(영화전공),8,18.3,3,1.5X,2.2X,
한양대,2021,학생부종합,학생부종합(일반)전형,영어교육과,8,11.6,14,1.5X,2.7X,
한양대,2021,학생부종합,학생부종합(일반)전형,영어영문학과,15,12.9,20,2.9X,3.3X,
한양대,2021,학생부종합,학생부종합(일반)전형,의류학과(인문),12,10.3,8,2.1X,4.0X,
한양대,2021,학생부종합,학생부종합(일반)전형,의류학과(자연),4,8.0,3,2.6X,4.2X,
한양대,2021,학생부종합,학생부종합(일반)전형,정보시스템학과(상경),9,9.9,4,3.1X,3.6X,
한양대,2021,학생부종합,학생부종합(일반)전형,정책학과,53,11.4,72,1.6X,1.8X,
한양대,2021,학생부종합,학생부종합(일반)전형,정치외교학과,12,17.7,17,1.8X,3.4X,
한양대,2021,학생부종합,학생부종합(일반)전형,중어중문학과,13,11.3,13,3.2X,4.7X,
한양대,2021,학생부종합,학생부종합(일반)전형,철학과,4,16.3,9,3.6X,4.6X,
한양대,2021,학생부종합,학생부종합(일반)전형,파이낸스경영학과,20,7.3,43,2.4X,3.2X,
한양대,2021,학생부종합,학생부종합(일반)전형,행정학과,15,11.3,8,1.6X,1.8X,
한양대,2022,학생부교과,학생부교과(지역균형발전)전형,경영학부,32,8.3,171,980.1,977.41,
한양대,2022,학생부교과,학생부교과(지역균형발전)전형,경제금융학부,12,7.2,47,981.64,978.45,
한양대,2022,학생부교과,학생부교과(지역균형발전)전형,관광학부,5,6.8,13,974.95,971.48,
한양대,2022,학생부교과,학생부교과(지역균형발전)전형,교육공학과,3,8.7,18,992.73,992.50,
한양대,2022,학생부교과,학생부교과(지역균형발전)전형,교육학과,3,14.3,25,982.11,981.28,
한양대,2022,학생부교과,학생부교과(지역균형발전)전형,국어교육과,3,11.0,5,997.22,994.74,
한양대,2022,학생부교과,학생부교과(지역균형발전)전형,국어국문학과,4,8.5,21,976.13,976.13,
한양대,2022,학생부교과,학생부교과(지역균형발전)전형,독어독문학과,4,7.0,10,973.81,973.81,
한양대,2022,학생부교과,학생부교과(지역균형발전)전형,미디어커뮤니케이션학과,6,12.5,20,987.05,986.06,
한양대,2022,학생부교과,학생부교과(지역균형발전)전형,사학과,3,7.0,10,989.6,979.82,
한양대,2022,학생부교과,학생부교과(지역균형발전)전형,사회학과,4,10.0,20,980.18,980.18,
한양대,2022,학생부교과,학생부교과(지역균형발전)전형,수학교육과,3,9.7,19,992.22,992.22,
한양대,2022,학생부교과,학생부교과(지역균형발전)전형,실내건축디자인학과(인문),7,5.3,13,980.09,980.00,
한양대,2022,학생부교과,학생부교과(지역균형발전)전형,영어교육과,3,8.3,21,985.82,985.82,
한양대,2022,학생부교과,학생부교과(지역균형발전)전형,영어영문학과,8,9.1,35,978.45,976.61,
한양대,2022,학생부교과,학생부교과(지역균형발전)전형,의류학과(인문),7,5.1,16,978.21,978.00,
한양대,2022,학생부교과,학생부교과(지역균형발전)전형,의류학과(자연),4,4.5,6,971.21,971.21,
한양대,2022,학생부교과,학생부교과(지역균형발전)전형,정보시스템학과(상경),5,5.8,12,990.36,988.27,
한양대,2022,학생부교과,학생부교과(지역균형발전)전형,정책학과,12,8.3,75,993.45,991.71,
한양대,2022,학생부교과,학생부교과(지역균형발전)전형,정치외교학과,4,10.0,29,981.15,981.15,
한양대,2022,학생부교과,학생부교과(지역균형발전)전형,중어중문학과,7,8.6,18,975.1,974.59,
한양대,2022,학생부교과,학생부교과(지역균형발전)전형,철학과,3,9.3,10,983.6,973.30,
한양대,2022,학생부교과,학생부교과(지역균형발전)전형,파이낸스경영학과,6,8.5,26,995.15,984.56,
한양대,2022,학생부교과,학생부교과(지역균형발전)전형,행정학과,5,8.8,10,990.63,988.64,
한양대,2022,학생부종합,학생부종합(일반)전형,경영학부,84,9.9,90,1.84,3.02,
한양대,2022,학생부종합,학생부종합(일반)전형,경제금융학부,33,9.6,29,2.52,3.64,
한양대,2022,학생부종합,학생부종합(일반)전형,관광학부,9,12.9,4,2.30,2.42,
한양대,2022,학생부종합,학생부종합(일반)전형,교육공학과,6,22.3,16,1.65,1.86,
한양대,2022,학생부종합,학생부종합(일반)전형,교육학과,6,26.3,22,1.96,1.98,
한양대,2022,학생부종합,학생부종합(일반)전형,국어교육과,5,22.2,9,1.48,1.77,
한양대,2022,학생부종합,학생부종합(일반)전형,국어국문학과,7,16.9,7,2.07,2.09,
한양대,2022,학생부종합,학생부종합(일반)전형,국제학부,40,13.8,37,3.37,3.74,
한양대,2022,학생부종합,학생부종합(일반)전형,독어독문학과,14,8.9,10,3.26,3.40,
한양대,2022,학생부종합,학생부종합(일반)전형,미디어커뮤니케이션학과,12,24.6,13,1.89,3.34,
한양대,2022,학생부종합,학생부종합(일반)전형,사학과,6,25.3,9,2.76,2.89,
한양대,2022,학생부종합,학생부종합(일반)전형,사회학과,8,21.8,10,1.68,1.81,
한양대,2022,학생부종합,학생부종합(일반)전형,수학교육과,3,14.3,4,1.30,1.30,
한양대,2022,학생부종합,학생부종합(일반)전형,스포츠매니지먼트전공,8,30.6,3,1.77,1.89,
한양대,2022,학생부종합,학생부종합(일반)전형,실내건축디자인학과(인문),15,12.3,9,2.37,2.56,
한양대,2022,학생부종합,학생부종합(일반)전형,연극영화학과(영화전공),7,13.6,4,2.48,2.77,
한양대,2022,학생부종합,학생부종합(일반)전형,영어교육과,7,11.4,12,1.75,1.77,
한양대,2022,학생부종합,학생부종합(일반)전형,영어영문학과,13,13.5,15,3.05,3.18,
한양대,2022,학생부종합,학생부종합(일반)전형,의류학과(인문),12,11.3,15,2.66,3.68,
한양대,2022,학생부종합,학생부종합(일반)전형,의류학과(자연),4,12.5,5,4.01,4.01,
한양대,2022,학생부종합,학생부종합(일반)전형,정보시스템학과(상경),9,12,6,2.43,3.04,
한양대,2022,학생부종합,학생부종합(일반)전형,정책학과,32,13,23,1.64,2.85,
한양대,2022,학생부종합,학생부종합(일반)전형,정치외교학과,9,18.3,9,1.66,2.52,
한양대,2022,학생부종합,학생부종합(일반)전형,중어중문학과,14,12.5,11,3.54,3.56,
한양대,2022,학생부종합,학생부종합(일반)전형,철학과,4,24.8,6,2.97,2.97,
한양대,2022,학생부종합,학생부종합(일반)전형,파이낸스경영학과,15,11.6,38,2.10,2.76,
한양대,2022,학생부종합,학생부종합(일반)전형,행정학과,10,12.2,4,1.64,1.78,
한양대,2023,학생부교과,학생부교과전형,경영학부,32,11.3,142,988,987,
한양대,2023,학생부교과,학생부교과전형,경제금융학부,12,9.0,60,984,981,
한양대,2023,학생부교과,학생부교과전형,관광학부,5,11.6,12,984,979,
한양대,2023,학생부교과,학생부교과전형,교육공학과,3,4.3,9,989,989,
한양대,2023,학생부교과,학생부교과전형,교육학과,3,18.7,36,993,993,
한양대,2023,학생부교과,학생부교과전형,국어교육과,3,5.0,12,981,981,
한양대,2023,학생부교과,학생부교과전형,국어국문학과,4,8.8,18,978,978,
한양대,2023,학생부교과,학생부교과전형,독어독문학과,4,7.5,13,980,980,
한양대,2023,학생부교과,학생부교과전형,미디어커뮤니케이션학과,6,6.8,29,975,967,
한양대,2023,학생부교과,학생부교과전형,사학과,3,5.3,5,990,988,
한양대,2023,학생부교과,학생부교과전형,사회학과,4,10.5,21,984,984,
한양대,2023,학생부교과,학생부교과전형,수학교육과,3,6.3,12,987,985,
한양대,2023,학생부교과,학생부교과전형,실내건축디자인학과(인문),7,4.6,8,981,980,
한양대,2023,학생부교과,학생부교과전형,영어교육과,3,8.3,4,995,992,
한양대,2023,학생부교과,학생부교과전형,영어영문학과,8,9.0,18,984,983,
한양대,2023,학생부교과,학생부교과전형,의류학과(인문),7,5.9,11,984,980,
한양대,2023,학생부교과,학생부교과전형,의류학과(자연),4,8.5,6,982,982,
한양대,2023,학생부교과,학생부교과전형,정보시스템학과(상경),5,4.6,14,998,992,
한양대,2023,학생부교과,학생부교과전형,정책학과,12,5.1,41,986,972,
한양대,2023,학생부교과,학생부교과전형,정치외교학과,4,9.5,19,987,987,
한양대,2023,학생부교과,학생부교과전형,중어중문학과,7,5.0,23,976,975,
한양대,2023,학생부교과,학생부교과전형,철학과,3,8.0,4,986,983,
한양대,2023,학생부교과,학생부교과전형,파이낸스경영학과,6,6.7,33,996,994,
한양대,2023,학생부교과,학생부교과전형,행정학과,5,5.4,8,990,989,
한양대,2023,학생부종합,학생부종합전형,경영학부,84,9.9,93,1.76,1.89,
한양대,2023,학생부종합,학생부종합전형,경제금융학부,33,11.1,32,2.73,3.13,
한양대,2023,학생부종합,학생부종합전형,관광학부,9,10.3,1,1.71,2.67,
한양대,2023,학생부종합,학생부종합전형,교육공학과,6,20.5,11,3.21,3.56,
한양대,2023,학생부종합,학생부종합전형,교육학과,6,26.5,13,1.51,3.17,
한양대,2023,학생부종합,학생부종합전형,국어교육과,5,13.6,6,1.54,1.55,
한양대,2023,학생부종합,학생부종합전형,국어국문학과,7,15.6,7,2.85,2.86,
한양대,2023,학생부종합,학생부종합전형,국제학전공,38,16.5,42,2.95,3.33,
한양대,2023,학생부종합,학생부종합전형,글로벌한국학전공,2,15.5,0,3.59,3.59,
한양대,2023,학생부종합,학생부종합전형,독어독문학과,14,10.0,4,3.24,3.36,
한양대,2023,학생부종합,학생부종합전형,미디어커뮤니케이션학과,12,25.8,28,1.80,2.76,
한양대,2023,학생부종합,학생부종합전형,사학과,6,19.0,8,1.63,3.24,
한양대,2023,학생부종합,학생부종합전형,사회학과,8,17.5,14,3.10,3.55,
한양대,2023,학생부종합,학생부종합전형,수학교육과,3,12.7,5,1.18,1.39,
한양대,2023,학생부종합,학생부종합전형,스포츠매니지먼트전공,8,17.6,4,1.82,2.59,
한양대,2023,학생부종합,학생부종합전형,실내건축디자인학과(인문),14,9.3,7,3.11,3.65,
한양대,2023,학생부종합,학생부종합전형,연극영화학과(영화전공),7,19.6,0,1.87,3.02,
한양대,2023,학생부종합,학생부종합전형,영어교육과,6,10.7,10,1.58,1.95,
한양대,2023,학생부종합,학생부종합전형,영어영문학과,13,14.7,16,2.66,3.09,
한양대,2023,학생부종합,학생부종합전형,의류학과(인문),13,15.1,11,3.25,3.85,
한양대,2023,학생부종합,학생부종합전형,의류학과(자연),4,19.3,3,4.03,4.03,
한양대,2023,학생부종합,학생부종합전형,정보시스템학과(상경),9,11.3,3,3.07,3.37,
한양대,2023,학생부종합,학생부종합전형,정책학과,32,11.5,47,2.39,2.97,
한양대,2023,학생부종합,학생부종합전형,정치외교학과,9,15.9,21,1.69,1.94,
한양대,2023,학생부종합,학생부종합전형,중어중문학과,14,12.7,14,2.98,3.10,
한양대,2023,학생부종합,학생부종합전형,철학과,4,24.0,4,1.80,1.80,
한양대,2023,학생부종합,학생부종합전형,파이낸스경영학과,15,8.5,24,1.63,3.10,
한양대,2023,학생부종합,학생부종합전형,행정학과,10,9.6,7,1.56,1.66,
한양대,2024,학생부교과,학생부교과전형,경영학부,32,5.1,119,978,974,
한양대,2024,학생부교과,학생부교과전형,경제금융학부,12,7.8,50,983,984,
한양대,2024,학생부교과,학생부교과전형,관광학부,5,7.0,12,985,981,
한양대,2024,학생부교과,학생부교과전형,교육공학과,3,9.0,18,990,984,
한양대,2024,학생부교과,학생부교과전형,교육학과,3,9.7,17,990,990,
한양대,2024,학생부교과,학생부교과전형,국어교육과,3,6.7,14,986,986,
한양대,2024,학생부교과,학생부교과전형,국어국문학과,4,9.8,27,977,977,
한양대,2024,학생부교과,학생부교과전형,독어독문학과,4,5.8,11,979,979,
한양대,2024,학생부교과,학생부교과전형,미디어커뮤니케이션학과,6,13.0,23,981,982,
한양대,2024,학생부교과,학생부교과전형,사학과,3,6.3,4,992,957,
한양대,2024,학생부교과,학생부교과전형,사회학과,4,7.8,27,980,980,
한양대,2024,학생부교과,학생부교과전형,수학교육과,3,6.7,7,1000,993,
한양대,2024,학생부교과,학생부교과전형,영어교육과,4,7.3,12,996,996,
한양대,2024,학생부교과,학생부교과전형,영어영문학과,8,4.5,22,970,971,
한양대,2024,학생부교과,학생부교과전형,의류학과,10,4.2,13,978,976,
한양대,2024,학생부교과,학생부교과전형,정보시스템학과(상경),5,5.4,4,989,989,
한양대,2024,학생부교과,학생부교과전형,정책학과,12,7.8,41,987,986,
한양대,2024,학생부교과,학생부교과전형,정치외교학과,4,5.5,15,986,986,
한양대,2024,학생부교과,학생부교과전형,중어중문학과,7,7.6,25,981,981,
한양대,2024,학생부교과,학생부교과전형,철학과,3,4.7,2,971,975,
한양대,2024,학생부교과,학생부교과전형,파이낸스경영학과,6,6.5,25,985,980,
한양대,2024,학생부교과,학생부교과전형,행정학과,5,5.2,9,965,965,
한양대,2024,학생부종합,000전형,경영학부,85,8.3,98,1.81,2.76,
한양대,2024,학생부종합,000전형,경제금융학부,33,9.9,30,2.24,3.37,
한양대,2024,학생부종합,000전형,관광학부,10,12.1,6,3.14,3.43,
한양대,2024,학생부종합,000전형,교육공학과,6,33.2,4,1.67,3.67,
한양대,2024,학생부종합,000전형,교육학과,6,31.2,3,1.56,2.33,
한양대,2024,학생부종합,000전형,국어교육과,5,15.6,10,2.95,3.11,
한양대,2024,학생부종합,000전형,국어국문학과,7,13.6,11,3.12,3.13,
한양대,2024,학생부종합,000전형,국제학전공,38,13.0,65,3.22,3.68,
한양대,2024,학생부종합,000전형,글로벌한국학전공*,2,23.5,0,5.10,5.10,
한양대,2024,학생부종합,000전형,독어독문학과,13,10.4,14,3.99,4.42,
한양대,2024,학생부종합,000전형,미디어커뮤니케이션학과,13,20.5,19,2.96,3.48,
한양대,2024,학생부종합,000전형,사학과,6,15.5,8,3.27,3.30,
한양대,2024,학생부종합,000전형,사회학과,8,24.0,9,2.92,3.00,
한양대,2024,학생부종합,000전형,수학교육과,3,12.3,7,1.62,2.07,
한양대,2024,학생부종합,000전형,스포츠매니지먼트전공,8,28.0,1,1.96,1.98,
한양대,2024,학생부종합,000전형,연극영화학과(영화전공),7,17.6,4,2.19,2.22,
한양대,2024,학생부종합,000전형,영어교육과,6,14.3,18,1.70,1.73,
한양대,2024,학생부종합,000전형,영어영문학과,13,14.6,22,2.89,3.36,
한양대,2024,학생부종합,000전형,의류학과,15,23.0,14,2.78,3.28,
한양대,2024,학생부종합,000전형,정보시스템학과(상경),9,17.9,5,3.26,3.72,
한양대,2024,학생부종합,000전형,정책학과,32,12.3,51,2.25,3.74,
한양대,2024,학생부종합,000전형,정치외교학과,9,11.7,6,1.81,1.88,
한양대,2024,학생부종합,000전형,중어중문학과,14,11.0,14,3.52,3.88,
한양대,2024,학생부종합,000전형,철학과,4,16.8,4,1.61,1.80,
한양대,2024,학생부종합,000전형,파이낸스경영학과,15,8.9,21,2.66,2.81,
한양대,2024,학생부종합,000전형,행정학과,10,10.9,5,2.20,3.39,
한양대,2025,학생부교과,학생부교과(추천형) 전형,경영학부,26,14.9,77,877,876,
한양대,2025,학생부교과,학생부교과(추천형) 전형,경제금융학부,9,13.3,27,875,874,
한양대,2025,학생부교과,학생부교과(추천형) 전형,관광학부,5,14.0,6,869,866,
한양대,2025,학생부교과,학생부교과(추천형) 전형,교육공학과,3,12.0,7,864,857,
한양대,2025,학생부교과,학생부교과(추천형) 전형,교육학과,3,20.7,8,869,868,
한양대,2025,학생부교과,학생부교과(추천형) 전형,국어교육과,3,11.3,11,868,862,
한양대,2025,학생부교과,학생부교과(추천형) 전형,국어국문학과,4,17.8,12,872,872,
한양대,2025,학생부교과,학생부교과(추천형) 전형,독어독문학과,4,21.8,3,853,853,
한양대,2025,학생부교과,학생부교과(추천형) 전형,미디어커뮤니케이션학과,5,12.0,18,879,877,
한양대,2025,학생부교과,학생부교과(추천형) 전형,사학과,3,10.0,12,858,847,
한양대,2025,학생부교과,학생부교과(추천형) 전형,사회학과,4,14.3,9,871,871,
한양대,2025,학생부교과,학생부교과(추천형) 전형,수학교육과,3,10.3,6,873,872,
한양대,2025,학생부교과,학생부교과(추천형) 전형,영어교육과,4,11.8,5,881,881,
한양대,2025,학생부교과,학생부교과(추천형) 전형,영어영문학과,7,12.7,12,869,868,
한양대,2025,학생부교과,학생부교과(추천형) 전형,의류학과,9,11.9,12,860,856,
한양대,2025,학생부교과,학생부교과(추천형) 전형,정보시스템학과(상경),5,18.6,8,874,869,
한양대,2025,학생부교과,학생부교과(추천형) 전형,정책학과,9,16.6,29,874,872,
한양대,2025,학생부교과,학생부교과(추천형) 전형,정치외교학과,4,21.3,12,870,870,
한양대,2025,학생부교과,학생부교과(추천형) 전형,중어중문학과,6,14.8,4,866,860,
한양대,2025,학생부교과,학생부교과(추천형) 전형,철학과,3,16.3,6,861,857,
한양대,2025,학생부교과,학생부교과(추천형) 전형,파이낸스경영학과,5,14.8,8,875,875,
한양대,2025,학생부교과,학생부교과(추천형) 전형,행정학과,5,9.8,9,876,871,
한양대,2025,학생부종합,학생부종합(서류형),경영학부,60,11.7,92,1.74,3.53,
한양대,2025,학생부종합,학생부종합(서류형),경제금융학부,19,12.0,30,2.91,3.59,
한양대,2025,학생부종합,학생부종합(서류형),관광학부,5,18.8,2,3.65,3.81,
한양대,2025,학생부종합,학생부종합(서류형),교육공학과,6,26.2,6,3.28,3.54,
한양대,2025,학생부종합,학생부종합(서류형),교육학과,6,25.3,4,1.75,3.61,
한양대,2025,학생부종합,학생부종합(서류형),국어교육과,8,18.6,15,1.63,1.68,
한양대,2025,학생부종합,학생부종합(서류형),국어국문학과,7,17.4,13,3.24,3.57,
한양대,2025,학생부종합,학생부종합(서류형),국제학부,27,17.0,59,3.41,3.86,
한양대,2025,학생부종합,학생부종합(서류형),독어독문학과,13,13.8,15,3.40,3.56,
한양대,2025,학생부종합,학생부종합(서류형),미디어커뮤니케이션학과,9,24.2,14,1.60,3.29,
한양대,2025,학생부종합,학생부종합(서류형),사학과,6,19.8,7,3.61,4.22,
한양대,2025,학생부종합,학생부종합(서류형),사회학과,8,17.5,15,1.89,2.75,
한양대,2025,학생부종합,학생부종합(서류형),수학교육과,3,26.7,5,1.74,1.74,
한양대,2025,학생부종합,학생부종합(서류형),스포츠매니지먼트전공,7,25.9,4,1.82,1.94,
한양대,2025,학생부종합,학생부종합(서류형),연극영화학과(영화전공),7,17.0,0,1.98,2.05,
한양대,2025,학생부종합,학생부종합(서류형),영어교육과,6,18.2,6,1.63,1.69,
한양대,2025,학생부종합,학생부종합(서류형),영어영문학과,11,15.8,22,2.50,3.04,
한양대,2025,학생부종합,학생부종합(서류형),의류학과,12,19.4,14,3.73,4.14,
한양대,2025,학생부종합,학생부종합(서류형),정보시스템학과(상경),6,21.0,3,1.84,2.64,
한양대,2025,학생부종합,학생부종합(서류형),정책학과,24,14.7,52,3.50,3.64,
한양대,2025,학생부종합,학생부종합(서류형),정치외교학과,8,15.1,13,1.82,3.39,
한양대,2025,학생부종합,학생부종합(서류형),중어중문학과,13,13.4,22,3.23,3.48,
한양대,2025,학생부종합,학생부종합(서류형),철학과,4,16.3,3,1.74,1.74,
한양대,2025,학생부종합,학생부종합(서류형),파이낸스경영학과,9,10.9,17,2.79,3.22,
한양대,2025,학생부종합,학생부종합(서류형),한양인터칼리지학부(인문),10,18.6,7,2.55,3.35,
한양대,2025,학생부종합,학생부종합(서류형),행정학과,12,13.2,15,2.61,3.36,
한양대,2025,학생부종합,학생부종합(추천형),경영학부,18,19.5,29,2.29,3.46,
한양대,2025,학생부종합,학생부종합(추천형),경제금융학부,8,18.3,6,3.35,3.46,
한양대,2025,학생부종합,학생부종합(추천형),관광학부,4,20.8,1,2.07,2.07,
한양대,2025,학생부종합,학생부종합(추천형),국제학부,9,21.8,9,3.65,3.78,
한양대,2025,학생부종합,학생부종합(추천형),미디어커뮤니케이션학과,4,24.5,5,1.94,1.94,
한양대,2025,학생부종합,학생부종합(추천형),영어영문학과,5,21.4,6,2.03,2.15,
한양대,2025,학생부종합,학생부종합(추천형),정책학과,10,25.4,11,3.43,3.62,
한양대,2025,학생부종합,학생부종합(추천형),파이낸스경영학과,5,21.2,11,2.76,3.07,
한양대,2025,학생부종합,학생부종합(추천형),한양인터칼리지학부(인문),10,25.5,14,3.45,3.79,
한양대,2026,학생부교과,수시상세,경영학부,26,7.4,66,1.54,1.6,교과 · 추천/지역균형
한양대,2026,학생부교과,수시상세,경제금융학부,9,8.6,18,1.51,1.55,교과 · 추천/지역균형
한양대,2026,학생부교과,수시상세,관광학부,5,11.2,6,1.6,1.6,교과 · 추천/지역균형
한양대,2026,학생부교과,수시상세,교육공학과,3,13.7,4,1.63,1.67,교과 · 추천/지역균형
한양대,2026,학생부교과,수시상세,교육학과,3,10.3,11,1.63,1.66,교과 · 추천/지역균형
한양대,2026,학생부교과,수시상세,국어교육과,3,16.7,15,1.66,1.66,교과 · 추천/지역균형
한양대,2026,학생부교과,수시상세,국어국문학과,4,8,5,1.79,1.79,교과 · 추천/지역균형
한양대,2026,학생부교과,수시상세,독어독문학과,4,14.5,3,1.75,1.75,교과 · 추천/지역균형
한양대,2026,학생부교과,수시상세,미디어커뮤니케이션학과,5,7,12,1.49,1.5,교과 · 추천/지역균형
한양대,2026,학생부교과,수시상세,사학과,3,20,4,1.6,1.67,교과 · 추천/지역균형
한양대,2026,학생부교과,수시상세,사회학과,4,8,10,1.66,1.66,교과 · 추천/지역균형
한양대,2026,학생부교과,수시상세,수학교육과,3,9.7,3,1.39,1.55,교과 · 추천/지역균형
한양대,2026,학생부교과,수시상세,영어교육과,4,7.8,12,1.77,1.78,교과 · 추천/지역균형
한양대,2026,학생부교과,수시상세,영어영문학과,7,10.3,16,1.56,1.61,교과 · 추천/지역균형
한양대,2026,학생부교과,수시상세,의류학과,9,11.9,10,1.71,1.73,교과 · 추천/지역균형
한양대,2026,학생부교과,수시상세,정보시스템학과,5,13.8,5,1.45,1.45,
한양대,2026,학생부교과,수시상세,정책학과,9,7.4,40,1.57,1.64,교과 · 추천/지역균형
한양대,2026,학생부교과,수시상세,정치외교학과,4,8.3,11,1.71,1.71,교과 · 추천/지역균형
한양대,2026,학생부교과,수시상세,중어중문학과,6,9.7,5,1.66,1.73,교과 · 추천/지역균형
한양대,2026,학생부교과,수시상세,철학과,3,21,11,1.71,1.71,교과 · 추천/지역균형
한양대,2026,학생부교과,수시상세,파이낸스경영학과,5,7.4,15,1.57,1.61,교과 · 추천/지역균형
한양대,2026,학생부교과,수시상세,행정학과,5,7.2,7,1.61,1.65,교과 · 추천/지역균형
한양대,2026,학생부종합,수시상세,경영학부,18,17.2,19,3.0,3.51,종합 · 추천형
한양대,2026,학생부종합,수시상세,경영학부,60,11.5,118,1.81,2.83,종합 · 일반/서류형
한양대,2026,학생부종합,수시상세,경영학부,5,22.8,5,1.49,1.68,
한양대,2026,학생부종합,수시상세,경제금융학부,8,17.9,9,2.81,2.88,종합 · 추천형
한양대,2026,학생부종합,수시상세,경제금융학부,19,12.5,34,1.8,3.27,종합 · 일반/서류형
한양대,2026,학생부종합,수시상세,경제금융학부,4,17.5,6,1.86,4.73,
한양대,2026,학생부종합,수시상세,관광학부,4,15.3,2,3.89,3.89,종합 · 추천형
한양대,2026,학생부종합,수시상세,관광학부,5,22,1,2.88,2.98,종합 · 일반/서류형
한양대,2026,학생부종합,수시상세,관광학부,2,0,미제출 사유 : 제출 대상 전형 아님,,,
한양대,2026,학생부종합,수시상세,교육공학과,6,32.3,6,3.12,3.27,종합 · 일반/서류형
한양대,2026,학생부종합,수시상세,교육공학과,2,0,미제출 사유 : 제출 대상 전형 아님,,,
한양대,2026,학생부종합,수시상세,교육학과,6,31,15,3.15,3.38,종합 · 일반/서류형
한양대,2026,학생부종합,수시상세,교육학과,2,0,미제출 사유 : 제출 대상 전형 아님,,,
한양대,2026,학생부종합,수시상세,국어교육과,8,20.4,4,1.85,2.7,종합 · 일반/서류형
한양대,2026,학생부종합,수시상세,국어교육과,2,0,미제출 사유 : 제출 대상 전형 아님,,,
한양대,2026,학생부종합,수시상세,국어국문학과,7,18.6,7,2.88,3.54,종합 · 일반/서류형
한양대,2026,학생부종합,수시상세,국어국문학과,2,0,미제출 사유 : 제출 대상 전형 아님,,,
한양대,2026,학생부종합,수시상세,국제학부,9,19.4,9,3.37,3.56,종합 · 추천형
한양대,2026,학생부종합,수시상세,국제학부,27,18.1,64,3.11,3.36,종합 · 일반/서류형
한양대,2026,학생부종합,수시상세,독어독문학과,13,11.7,13,3.56,3.9,종합 · 일반/서류형
한양대,2026,학생부종합,수시상세,미디어커뮤니케이션학과,4,16.5,1,2.43,2.43,종합 · 추천형
한양대,2026,학생부종합,수시상세,미디어커뮤니케이션학과,9,19.8,12,2.87,3.58,종합 · 일반/서류형
한양대,2026,학생부종합,수시상세,미디어커뮤니케이션학과,2,0,미제출 사유 : 제출 대상 전형 아님,,,
한양대,2026,학생부종합,수시상세,사학과,6,23.3,16,2.09,3.16,종합 · 일반/서류형
한양대,2026,학생부종합,수시상세,사회학과,8,15.9,11,2.67,3.6,종합 · 일반/서류형
한양대,2026,학생부종합,수시상세,수학교육과,3,28.3,2,2.01,2.01,종합 · 일반/서류형
한양대,2026,학생부종합,수시상세,수학교육과,2,0,미제출 사유 : 제출 대상 전형 아님,,,
한양대,2026,학생부종합,수시상세,스포츠매니지먼트전공,7,29.7,3,1.92,1.94,종합 · 일반/서류형
한양대,2026,학생부종합,수시상세,연극영화학과(영화전공),7,15.1,3,1.81,2.18,종합 · 일반/서류형
한양대,2026,학생부종합,수시상세,영어교육과,6,18.2,9,1.64,2.07,종합 · 일반/서류형
한양대,2026,학생부종합,수시상세,영어교육과,2,0,미제출 사유 : 제출 대상 전형 아님,,,
한양대,2026,학생부종합,수시상세,영어영문학과,5,15.4,12,3.42,3.42,종합 · 추천형
한양대,2026,학생부종합,수시상세,영어영문학과,11,13,18,2.72,3.49,종합 · 일반/서류형
한양대,2026,학생부종합,수시상세,영어영문학과,2,0,미제출 사유 : 제출 대상 전형 아님,,,
한양대,2026,학생부종합,수시상세,의류학과,12,18.6,10,2.87,3.33,종합 · 일반/서류형
한양대,2026,학생부종합,수시상세,의류학과,2,0,미제출 사유 : 제출 대상 전형 아님,,,
한양대,2026,학생부종합,수시상세,정보시스템학과,6,15.2,7,1.71,3.04,
한양대,2026,학생부종합,수시상세,정보시스템학과,2,0,미제출 사유 : 제출 대상 전형 아님,,,
한양대,2026,학생부종합,수시상세,정책학과,10,22.7,16,3.55,3.57,종합 · 추천형
한양대,2026,학생부종합,수시상세,정책학과,24,14.8,58,3.17,3.56,종합 · 일반/서류형
한양대,2026,학생부종합,수시상세,정책학과,4,21,10,4.17,4.25,
한양대,2026,학생부종합,수시상세,정치외교학과,8,14.1,10,1.77,1.77,종합 · 일반/서류형
한양대,2026,학생부종합,수시상세,중어중문학과,13,12.2,10,3.01,3.99,종합 · 일반/서류형
한양대,2026,학생부종합,수시상세,중어중문학과,2,0,미제출 사유 : 제출 대상 전형 아님,,,
한양대,2026,학생부종합,수시상세,철학과,4,18,7,3.63,3.63,종합 · 일반/서류형
한양대,2026,학생부종합,수시상세,파이낸스경영학과,5,13.4,3,2.95,3.16,종합 · 추천형
한양대,2026,학생부종합,수시상세,파이낸스경영학과,9,11.9,17,2.79,3.17,종합 · 일반/서류형
한양대,2026,학생부종합,수시상세,파이낸스경영학과,2,0,미제출 사유 : 제출 대상 전형 아님,,,
한양대,2026,학생부종합,수시상세,한양인터칼리지학부(인문),10,22.5,9,3.28,3.54,종합 · 일반/서류형
한양대,2026,학생부종합,수시상세,한양인터칼리지학부(인문),10,16.4,17,3.2,3.33,종합 · 추천형
한양대,2026,학생부종합,수시상세,행정학과,12,12.4,21,1.73,2.32,종합 · 일반/서류형
한양대,2026,학생부종합,수시상세,행정학과,2,0,미제출 사유 : 제출 대상 전형 아님,,,
성균관대,2021,학생부종합,학생부종합전형(계열/학과모집),경영학,105,8.6,171,2.4X,3.3X,
성균관대,2021,학생부종합,학생부종합전형(계열/학과모집),교육학,20,10.8,43,2.4X,2.8X,
성균관대,2021,학생부종합,학생부종합전형(계열/학과모집),국어국문학,12,11.9,34,1.9X,2.8X,
성균관대,2021,학생부종합,학생부종합전형(계열/학과모집),글로벌경영학,50,7.3,129,2.6X,3.3X,
성균관대,2021,학생부종합,학생부종합전형(계열/학과모집),글로벌경제학,46,6.1,99,2.7X,3.2X,
성균관대,2021,학생부종합,학생부종합전형(계열/학과모집),글로벌리더학,35,10.9,114,2.1X,2.8X,
성균관대,2021,학생부종합,학생부종합전형(계열/학과모집),글로벌바이오메디컬공학,40,13.2,104,1.4X,1.9X,
성균관대,2021,학생부종합,학생부종합전형(계열/학과모집),글로벌융합학부,50,15.6,124,2.2X,2.7X,
성균관대,2021,학생부종합,학생부종합전형(계열/학과모집),독어독문학,12,7.0,15,3.6X,3.7X,
성균관대,2021,학생부종합,학생부종합전형(계열/학과모집),사학,12,12.8,28,1.7X,1.8X,
성균관대,2021,학생부종합,학생부종합전형(계열/학과모집),사회과학계열,141,14.2,433,1.5X,1.6X,
성균관대,2021,학생부종합,학생부종합전형(계열/학과모집),사회복지학,20,9.2,27,3.3X,3.6X,
성균관대,2021,학생부종합,학생부종합전형(계열/학과모집),사회학,20,10.5,53,1.7X,2.9X,
성균관대,2021,학생부종합,학생부종합전형(계열/학과모집),수학교육,20,6.7,28,1.5X,1.5X,
성균관대,2021,학생부종합,학생부종합전형(계열/학과모집),심리학,12,8.9,23,1.9X,2.7X,
성균관대,2021,학생부종합,학생부종합전형(계열/학과모집),아동청소년학,20,7.2,27,3.6X,3.8X,
성균관대,2021,학생부종합,학생부종합전형(계열/학과모집),인문과학계열,125,9.7,285,3.1X,3.6X,
성균관대,2021,학생부종합,학생부종합전형(계열/학과모집),철학,12,9.8,19,1.9X,2.1X,
성균관대,2021,학생부종합,학생부종합전형(계열/학과모집),컴퓨터교육,20,6.5,20,2.0X,2.2X,
성균관대,2021,학생부종합,학생부종합전형(계열/학과모집),통계학,12,10.4,23,2.0X,2.7X,
성균관대,2021,학생부종합,학생부종합전형(계열/학과모집),한문교육,20,4.9,7,3.2X,4.0X,
성균관대,2021,학생부종합,학생부종합전형(계열/학과모집),한문학,20,5.1,18,3.4X,3.9X,
성균관대,2022,학생부교과,학생부교과전형,경영학,25,15.1,118,98.53,98.48,
성균관대,2022,학생부교과,학생부교과전형,교육학,5,11.4,12,98.89,98.81,
성균관대,2022,학생부교과,학생부교과전형,사회과학계열,40,16.1,224,98.59,98.42,
성균관대,2022,학생부교과,학생부교과전형,사회복지학,5,6.6,7,98.20,98.20,
성균관대,2022,학생부교과,학생부교과전형,사회학,5,8.4,19,98.39,97.79,
성균관대,2022,학생부교과,학생부교과전형,수학교육,5,12.6,18,98.76,98.66,
성균관대,2022,학생부교과,학생부교과전형,아동청소년학,5,6.4,8,98.01,97.04,
성균관대,2022,학생부교과,학생부교과전형,인문과학계열,40,10.1,100,97.93,97.76,
성균관대,2022,학생부교과,학생부교과전형,컴퓨터교육,5,9.8,4,98.11,97.88,
성균관대,2022,학생부교과,학생부교과전형,한문교육,5,12.2,10,98.17,97.05,
성균관대,2022,학생부교과,학생부교과전형,한문학,5,8.0,4,96.50,96.35,
성균관대,2022,학생부종합,학생부종합전형(계열모집),글로벌융합학부,50,15.3,130,2.05,2.89,
성균관대,2022,학생부종합,학생부종합전형(계열모집),사회과학계열,55,19.7,159,1.64,2.44,
성균관대,2022,학생부종합,학생부종합전형(계열모집),인문과학계열,40,21.3,121,2.18,2.83,
성균관대,2022,학생부종합,학생부종합전형(고른기회),사회과학계열,10,16.8,17,1.97,2.29,
성균관대,2022,학생부종합,학생부종합전형(고른기회),인문과학계열,10,9.2,9,2.31,2.4,
성균관대,2022,학생부종합,학생부종합전형(농어촌학생),인문과학계열 사회과학계열 경영학,50,5.2,64,1.83,2.05,
성균관대,2022,학생부종합,학생부종합전형(이웃사랑),인문과학계열 사회과학계열 경영학,30,9.0,24,3.77,4.3,
성균관대,2022,학생부종합,학생부종합전형(특성화고),인문과학계열 사회과학계열 경영학 자연과학계열 전자전기공학부 공학계열 소프트웨어학,23,15.4,5,1.61,1.91,
성균관대,2022,학생부종합,학생부종합전형(학과모집),경영학,70,10.7,76,1.88,2.55,
성균관대,2022,학생부종합,학생부종합전형(학과모집),교육학,15,11.2,22,2.49,3.06,
성균관대,2022,학생부종합,학생부종합전형(학과모집),국어국문학,9,13.0,10,2.98,3.5,
성균관대,2022,학생부종합,학생부종합전형(학과모집),글로벌경영학,57,8.5,152,2.95,3.36,
성균관대,2022,학생부종합,학생부종합전형(학과모집),글로벌경제학,50,7.1,88,2.65,3.3,
성균관대,2022,학생부종합,학생부종합전형(학과모집),글로벌리더학,36,13.7,145,1.78,2.45,
성균관대,2022,학생부종합,학생부종합전형(학과모집),글로벌바이오메디컬공학,30,16.0,64,1.65,1.97,
성균관대,2022,학생부종합,학생부종합전형(학과모집),독어독문학,9,9.8,10,3.35,3.73,
성균관대,2022,학생부종합,학생부종합전형(학과모집),사학,9,13.3,19,1.92,2.3,
성균관대,2022,학생부종합,학생부종합전형(학과모집),사회복지학,15,14.5,22,3.33,3.42,
성균관대,2022,학생부종합,학생부종합전형(학과모집),사회학,15,15.3,30,2.48,3.21,
성균관대,2022,학생부종합,학생부종합전형(학과모집),수학교육,15,6.6,7,1.82,2.03,
성균관대,2022,학생부종합,학생부종합전형(학과모집),심리학,9,14.9,14,1.56,1.88,
성균관대,2022,학생부종합,학생부종합전형(학과모집),아동청소년학,15,11.1,16,3.06,3.33,
성균관대,2022,학생부종합,학생부종합전형(학과모집),철학,9,8.8,9,2.96,3.74,
성균관대,2022,학생부종합,학생부종합전형(학과모집),컴퓨터교육,15,7.6,10,2.07,2.22,
성균관대,2022,학생부종합,학생부종합전형(학과모집),통계학,9,11.4,7,1.73,1.85,
성균관대,2022,학생부종합,학생부종합전형(학과모집),한문교육,15,6.3,9,3.33,4,
성균관대,2022,학생부종합,학생부종합전형(학과모집),한문학,15,7.9,6,2.42,3.33,
성균관대,2023,학생부교과,학생부교과(학교장추천),경영학,10,14.4,43,99.35,99.25,
성균관대,2023,학생부교과,학생부교과(학교장추천),국어국문학,11,5.4,25,97.74,97.67,
성균관대,2023,학생부교과,학생부교과(학교장추천),글로벌경영학,5,10.6,19,98.50,97.30,
성균관대,2023,학생부교과,학생부교과(학교장추천),글로벌경제학,5,10.0,17,98.88,98.35,
성균관대,2023,학생부교과,학생부교과(학교장추천),글로벌리더학,5,10.2,21,98.91,98.78,
성균관대,2023,학생부교과,학생부교과(학교장추천),글로벌융합학부,10,10.1,44,98.82,98.34,
성균관대,2023,학생부교과,학생부교과(학교장추천),사학,11,5.5,32,98.53,98.24,
성균관대,2023,학생부교과,학생부교과(학교장추천),사회과학계열,5,21.6,33,99.20,98.97,
성균관대,2023,학생부교과,학생부교과(학교장추천),사회복지학,18,6.7,35,97.95,97.41,
성균관대,2023,학생부교과,학생부교과(학교장추천),사회학,18,10.4,85,98.74,98.60,
성균관대,2023,학생부교과,학생부교과(학교장추천),수학교육,5,6.6,16,99.08,98.96,
성균관대,2023,학생부교과,학생부교과(학교장추천),심리학,11,5.6,22,98.80,98.67,
성균관대,2023,학생부교과,학생부교과(학교장추천),아동청소년학,18,7.9,51,98.29,98.20,
성균관대,2023,학생부교과,학생부교과(학교장추천),인문과학계열,5,15.8,17,98.85,98.46,
성균관대,2023,학생부교과,학생부교과(학교장추천),철학,11,5.6,28,97.92,97.23,
성균관대,2023,학생부교과,학생부교과(학교장추천),컴퓨터교육,5,9.2,11,98.40,98.32,
성균관대,2023,학생부교과,학생부교과(학교장추천),통계학,11,8.8,24,98.92,98.74,
성균관대,2023,학생부교과,학생부교과(학교장추천),한문교육,5,7.6,6,98.08,97.85,
성균관대,2023,학생부교과,학생부교과(학교장추천),한문학,18,9.4,30,97.94,97.63,
성균관대,2023,학생부종합,학생부종합(계열모집),글로벌융합,40,16.9,159,2.69,3.28,
성균관대,2023,학생부종합,학생부종합(계열모집),사회과학계열,84,20.74,376,1.88,2.57,
성균관대,2023,학생부종합,학생부종합(계열모집),인문과학계열,72,17.46,263,2.96,3.31,
성균관대,2023,학생부종합,학생부종합(고른기회),인문,25,10.16,44,2.62,4.52,
성균관대,2023,학생부종합,학생부종합(정원외 특별),"[자연] (자연과학계열, 전자전기공학부, 공학계열, 소프트웨어학, 수학교육, 컴퓨터교육)",5,16.20,7,2.43,3.29,
성균관대,2023,학생부종합,학생부종합(학과모집),경영학,77,9.91,177,2.06,2.89,
성균관대,2023,학생부종합,학생부종합(학과모집),교육학,15,17.20,38,2.17,2.72,
성균관대,2023,학생부종합,학생부종합(학과모집),글로벌경영학,58,10.34,224,2.92,3.12,
성균관대,2023,학생부종합,학생부종합(학과모집),글로벌경제학,45,8.18,136,2.23,2.83,
성균관대,2023,학생부종합,학생부종합(학과모집),글로벌리더학,32,15.09,147,2.79,3.31,
성균관대,2023,학생부종합,학생부종합(학과모집),글로벌바이오메디컬공학,30,16.70,110,3.35,3.95,
성균관대,2023,학생부종합,학생부종합(학과모집),독어독문학,11,12.45,29,3.12,3.39,
성균관대,2023,학생부종합,학생부종합(학과모집),수학교육,15,8.47,30,1.89,2.35,
성균관대,2023,학생부종합,학생부종합(학과모집),컴퓨터교육,15,10.20,38,2.21,3.73,
성균관대,2023,학생부종합,학생부종합(학과모집),한문교육,15,12.87,22,3.45,3.69,
성균관대,2024,학생부교과,학생부교과(학교장추천),경영학과,10,7.0,38,99.30,99.19,
성균관대,2024,학생부교과,학생부교과(학교장추천),교육학과,5,10.2,20,99.33,99.26,
성균관대,2024,학생부교과,학생부교과(학교장추천),국어국문학과,12,7.3,16,98.56,98.52,
성균관대,2024,학생부교과,학생부교과(학교장추천),글로벌경영학과,12,13.3,72,98.86,98.73,
성균관대,2024,학생부교과,학생부교과(학교장추천),글로벌경제학과,10,8.5,41,98.70,98.50,
성균관대,2024,학생부교과,학생부교과(학교장추천),글로벌리더학부,10,9.3,50,99.10,98.89,
성균관대,2024,학생부교과,학생부교과(학교장추천),글로벌융합학부,10,13.9,26,99.03,98.99,
성균관대,2024,학생부교과,학생부교과(학교장추천),사학과,12,5.1,28,98.55,98.3,
성균관대,2024,학생부교과,학생부교과(학교장추천),사회과학계열,17,10.9,96,99.24,99.14,
성균관대,2024,학생부교과,학생부교과(학교장추천),사회복지학과,20,6.7,22,98.33,98.27,
성균관대,2024,학생부교과,학생부교과(학교장추천),사회학과,20,6.3,54,98.96,98.82,
성균관대,2024,학생부교과,학생부교과(학교장추천),수학교육과,5,8.0,13,99.41,99.19,
성균관대,2024,학생부교과,학생부교과(학교장추천),심리학과,12,5.1,15,97.55,95.50,
성균관대,2024,학생부교과,학생부교과(학교장추천),아동청소년학과,20,5.1,25,98.48,98.33,
성균관대,2024,학생부교과,학생부교과(학교장추천),인문과학계열,17,7.4,54,98.79,98.65,
성균관대,2024,학생부교과,학생부교과(학교장추천),철학과,12,6.4,19,98.47,98.43,
성균관대,2024,학생부교과,학생부교과(학교장추천),컴퓨터교육과,5,12.0,6,98.81,98.80,
성균관대,2024,학생부교과,학생부교과(학교장추천),통계학과,12,4.8,19,98.89,98.68,
성균관대,2024,학생부교과,학생부교과(학교장추천),한문교육과,5,8.6,5,98.43,98.43,
성균관대,2024,학생부교과,학생부교과(학교장추천),한문학과,20,6.8,16,98.25,98.13,
성균관대,2024,학생부종합,학생부종합(계열모집),경영학과,70,13.8,143,2.34,3.04,
성균관대,2024,학생부종합,학생부종합(계열모집),글로벌융합학부,20,28.0,71,2.49,2.77,
성균관대,2024,학생부종합,학생부종합(계열모집),사회과학계열,50,28.4,197,2.16,2.87,
성균관대,2024,학생부종합,학생부종합(계열모집),인문과학계열,41,26.6,176,3.19,3.47,
성균관대,2024,학생부종합,학생부종합(고른기회),사회과학계열,5,32.8,15,1.85,2.29,
성균관대,2024,학생부종합,학생부종합(고른기회),인문과학계열,7,17.7,4,2.99,3.37,
성균관대,2024,학생부종합,학생부종합(과학인재),글로벌바이오메디컬공학과,20,11.8,54,4.51,4.8,
성균관대,2024,학생부종합,학생부종합(정원외 특별),교육학과한문교육과수학교육과컴퓨터교육과,4,9.5,2,3.48,3.48,
성균관대,2024,학생부종합,학생부종합(학과모집),교육학과,15,23.2,27,2.16,2.79,
성균관대,2024,학생부종합,학생부종합(학과모집),글로벌경영학과,47,14.6,183,3.05,3.26,
성균관대,2024,학생부종합,학생부종합(학과모집),글로벌경제학과,40,10.8,76,3.13,3.26,
성균관대,2024,학생부종합,학생부종합(학과모집),글로벌리더학부,25,20.3,130,2.32,2.93,
성균관대,2024,학생부종합,학생부종합(학과모집),글로벌바이오메디컬공학과,10,52.3,39,2.35,2.44,
성균관대,2024,학생부종합,학생부종합(학과모집),독어독문학과,12,10.8,24,3.14,3.25,
성균관대,2024,학생부종합,학생부종합(학과모집),수학교육과,15,11.1,22,2.02,2.11,
성균관대,2024,학생부종합,학생부종합(학과모집),컴퓨터교육과,16,15.5,20,3.54,3.86,
성균관대,2024,학생부종합,학생부종합(학과모집),한문교육과,15,16.6,11,3.09,3.51,
성균관대,2025,학생부교과,학생부교과(학교장추천),경영학과,10,12.5,70,99.23,99.13,
성균관대,2025,학생부교과,학생부교과(학교장추천),교육학과,5,11,18,98.17,97.45,
성균관대,2025,학생부교과,학생부교과(학교장추천),국어국문학과,12,7.33,23,98.76,98.49,
성균관대,2025,학생부교과,학생부교과(학교장추천),글로벌경영학과,10,13.8,50,99.04,98.98,
성균관대,2025,학생부교과,학생부교과(학교장추천),글로벌경제학과,10,11.2,35,98.7,98.57,
성균관대,2025,학생부교과,학생부교과(학교장추천),글로벌리더학부,10,10.7,65,98.88,98.47,
성균관대,2025,학생부교과,학생부교과(학교장추천),글로벌융합학부,10,14.9,19,99.09,98.87,
성균관대,2025,학생부교과,학생부교과(학교장추천),사학과,12,6.75,21,98.73,98.56,
성균관대,2025,학생부교과,학생부교과(학교장추천),사회과학계열,17,13.06,99,98.94,98.7,
성균관대,2025,학생부교과,학생부교과(학교장추천),사회복지학과,20,7.6,35,98.48,98.37,
성균관대,2025,학생부교과,학생부교과(학교장추천),사회학과,20,9,54,98.89,98.7,
성균관대,2025,학생부교과,학생부교과(학교장추천),수학교육과,5,6,11,98.54,98.53,
성균관대,2025,학생부교과,학생부교과(학교장추천),심리학과,12,8.75,25,98.47,98.42,
성균관대,2025,학생부교과,학생부교과(학교장추천),아동청소년학과,20,8.75,24,98.55,98.36,
성균관대,2025,학생부교과,학생부교과(학교장추천),인문과학계열,16,9,59,98.83,98.63,
성균관대,2025,학생부교과,학생부교과(학교장추천),자유전공계열,20,13.9,31,98.79,98.71,
성균관대,2025,학생부교과,학생부교과(학교장추천),철학과,12,9.83,26,98.53,98.35,
성균관대,2025,학생부교과,학생부교과(학교장추천),컴퓨터교육과,5,11.6,7,98.85,98.81,
성균관대,2025,학생부교과,학생부교과(학교장추천),통계학과,12,9.67,27,98.89,98.8,
성균관대,2025,학생부교과,학생부교과(학교장추천),한문교육과,5,7.4,1,98.38,98.38,
성균관대,2025,학생부교과,학생부교과(학교장추천),한문학과,20,8.35,14,98.35,98.27,
성균관대,2025,학생부종합,학생부종합(과학인재),글로벌바이오메디컬공학과,20,13.15,36,4.65,4.86,
성균관대,2025,학생부종합,학생부종합(기회균형),사회과학계열,5,31.2,8,1.88,2.98,
성균관대,2025,학생부종합,학생부종합(기회균형),인문과학계열,6,18.5,9,2.94,3.39,
성균관대,2025,학생부종합,학생부종합(기회균형),자유전공계열,6,29.17,10,3.3,3.42,
성균관대,2025,학생부종합,학생부종합(융합형),경영학과,53,15.26,119,2.81,3.08,
성균관대,2025,학생부종합,학생부종합(융합형),글로벌융합학부,14,26.43,37,2.34,2.88,
성균관대,2025,학생부종합,학생부종합(융합형),사회과학계열,40,29.55,192,2.12,2.6,
성균관대,2025,학생부종합,학생부종합(융합형),인문과학계열,34,30.24,139,2.86,3.22,
성균관대,2025,학생부종합,학생부종합(탐구형),교육학과,15,15.27,17,2.5,3.1,
성균관대,2025,학생부종합,학생부종합(탐구형),글로벌경영학과,33,14.06,136,3.17,3.38,
성균관대,2025,학생부종합,학생부종합(탐구형),글로벌경제학과,35,10.74,62,3.21,3.38,
성균관대,2025,학생부종합,학생부종합(탐구형),글로벌리더학부,20,19.55,99,2.94,3.22,
성균관대,2025,학생부종합,학생부종합(탐구형),글로벌바이오메디컬공학과,11,30.82,42,2.56,3.35,
성균관대,2025,학생부종합,학생부종합(탐구형),독어독문학과,12,9.08,20,3.58,3.84,
성균관대,2025,학생부종합,학생부종합(탐구형),수학교육과,15,10,10,2.19,2.65,
성균관대,2025,학생부종합,학생부종합(탐구형),자유전공계열,114,29.39,206,3.14,3.5,
성균관대,2025,학생부종합,학생부종합(탐구형),컴퓨터교육과,15,15.53,18,3.86,3.94,
성균관대,2025,학생부종합,학생부종합(탐구형),한문교육과,15,11.87,7,2.96,3.53,
성균관대,2026,학생부교과,수시상세,경영학과,12,8.75,66,1.54,1.74,교과 · 학교장추천
성균관대,2026,학생부교과,수시상세,교육학과,5,16,25,1.73,1.76,교과 · 학교장추천
성균관대,2026,학생부교과,수시상세,국어국문학과,12,5.5,25,1.69,1.77,교과 · 학교장추천
성균관대,2026,학생부교과,수시상세,글로벌경영학과,10,11.6,39,1.54,1.61,교과 · 학교장추천
성균관대,2026,학생부교과,수시상세,글로벌경제학과,10,13.2,46,1.6,1.62,교과 · 학교장추천
성균관대,2026,학생부교과,수시상세,글로벌리더학부,10,14,79,1.6,1.62,교과 · 학교장추천
성균관대,2026,학생부교과,수시상세,글로벌바이오메디컬공학과,5,13.8,6,1.47,1.5,
성균관대,2026,학생부교과,수시상세,사학과,12,5.42,24,1.85,1.9,교과 · 학교장추천
성균관대,2026,학생부교과,수시상세,사회과학계열,20,12.3,110,1.54,1.58,교과 · 학교장추천
성균관대,2026,학생부교과,수시상세,사회복지학과,12,6.92,19,1.7,1.74,교과 · 학교장추천
성균관대,2026,학생부교과,수시상세,사회학과,12,6.42,18,1.67,1.73,교과 · 학교장추천
성균관대,2026,학생부교과,수시상세,수학교육과,5,11.8,21,1.67,1.72,교과 · 학교장추천
성균관대,2026,학생부교과,수시상세,심리학과,12,7.5,25,1.59,1.62,교과 · 학교장추천
성균관대,2026,학생부교과,수시상세,아동 청소년학과,12,5.25,18,1.73,1.75,교과 · 학교장추천
성균관대,2026,학생부교과,수시상세,인문과학계열,20,7.35,46,1.62,1.67,교과 · 학교장추천
성균관대,2026,학생부교과,수시상세,자유전공계열,20,16.5,36,1.5,1.51,교과 · 학교장추천
성균관대,2026,학생부교과,수시상세,철학과,12,7.42,26,1.74,1.75,교과 · 학교장추천
성균관대,2026,학생부교과,수시상세,컴퓨터교육과,5,8.6,7,1.61,1.63,교과 · 학교장추천
성균관대,2026,학생부교과,수시상세,통계학과,12,7.5,25,1.56,1.58,교과 · 학교장추천
성균관대,2026,학생부교과,수시상세,한문교육과,5,7.6,3,1.71,1.72,교과 · 학교장추천
성균관대,2026,학생부교과,수시상세,한문학과,12,7.67,7,1.77,1.78,교과 · 학교장추천
성균관대,2026,학생부종합,수시상세,경영학과,55,14.07,111,3.1,3.35,종합 · 학과·계열(일반)
성균관대,2026,학생부종합,수시상세,경영학과,0,0,"미제출 사유 : 통합모집, 추가 안내자료 참고",,,
성균관대,2026,학생부종합,수시상세,경영학과,0,0,"미제출 사유 : 통합모집, 추가 안내자료 참고",,,
성균관대,2026,학생부종합,수시상세,경영학과,0,0,"미제출 사유 : 통합모집, 추가 안내자료 참고",,,
성균관대,2026,학생부종합,수시상세,경영학과,0,0,"미제출 사유 : 통합모집, 추가 안내자료 참고",,,
성균관대,2026,학생부종합,수시상세,교육학과,0,0,"미제출 사유 : 통합모집, 추가 안내자료 참고",,,
성균관대,2026,학생부종합,수시상세,교육학과,15,14.6,16,2.73,3.44,종합 · 학과·계열(일반)
성균관대,2026,학생부종합,수시상세,글로벌경영학과,33,14.45,130,3.26,3.38,종합 · 학과·계열(일반)
성균관대,2026,학생부종합,수시상세,글로벌경제학과,35,10.37,57,2.96,3.22,종합 · 학과·계열(일반)
성균관대,2026,학생부종합,수시상세,글로벌리더학부,20,19.4,96,2.66,3.13,종합 · 학과·계열(일반)
성균관대,2026,학생부종합,수시상세,글로벌바이오메디컬공학과,15,8.27,25,4.2,4.55,종합 · 과학인재
성균관대,2026,학생부종합,수시상세,글로벌바이오메디컬공학과,11,28.18,31,2.88,3.05,종합 · 학과·계열(일반)
성균관대,2026,학생부종합,수시상세,글로벌융합학부,24,25.63,32,3.23,4.01,종합 · 학과·계열(일반)
성균관대,2026,학생부종합,수시상세,독어독문학과,12,10.83,19,3.26,3.51,종합 · 학과·계열(일반)
성균관대,2026,학생부종합,수시상세,사회과학계열,40,27.15,117,2.39,3.03,종합 · 학과·계열(일반)
성균관대,2026,학생부종합,수시상세,사회과학계열,0,0,"미제출 사유 : 통합모집, 추가 안내자료 참고",,,
성균관대,2026,학생부종합,수시상세,사회과학계열,0,0,"미제출 사유 : 통합모집, 추가 안내자료 참고",,,
성균관대,2026,학생부종합,수시상세,사회과학계열,5,31.6,15,1.79,1.86,종합 · 고른기회/특별
성균관대,2026,학생부종합,수시상세,사회과학계열,0,0,"미제출 사유 : 통합모집, 추가 안내자료 참고",,,
성균관대,2026,학생부종합,수시상세,사회과학계열,0,0,"미제출 사유 : 통합모집, 추가 안내자료 참고",,,
성균관대,2026,학생부종합,수시상세,사회복지학과,8,14.88,5,2.81,3.18,
성균관대,2026,학생부종합,수시상세,사회학과,8,15.88,18,3.14,3.65,
성균관대,2026,학생부종합,수시상세,수학교육과,0,0,"미제출 사유 : 통합모집, 추가 안내자료 참고",,,
성균관대,2026,학생부종합,수시상세,수학교육과,15,12.27,10,2.48,2.55,종합 · 학과·계열(일반)
성균관대,2026,학생부종합,수시상세,아동 청소년학과,8,15.75,20,2.44,2.86,
성균관대,2026,학생부종합,수시상세,인문과학계열,35,22.74,109,3.0,3.31,종합 · 학과·계열(일반)
성균관대,2026,학생부종합,수시상세,인문과학계열,0,0,"미제출 사유 : 통합모집, 추가 안내자료 참고",,,
성균관대,2026,학생부종합,수시상세,인문과학계열,0,0,"미제출 사유 : 통합모집, 추가 안내자료 참고",,,
성균관대,2026,학생부종합,수시상세,인문과학계열,7,20.29,8,2.99,3.31,종합 · 고른기회/특별
성균관대,2026,학생부종합,수시상세,인문과학계열,0,0,"미제출 사유 : 통합모집, 추가 안내자료 참고",,,
성균관대,2026,학생부종합,수시상세,인문과학계열,0,0,"미제출 사유 : 통합모집, 추가 안내자료 참고",,,
성균관대,2026,학생부종합,수시상세,자유전공계열,120,31.32,183,2.41,2.96,종합 · 학과·계열(일반)
성균관대,2026,학생부종합,수시상세,컴퓨터교육과,0,0,"미제출 사유 : 통합모집, 추가 안내자료 참고",,,
성균관대,2026,학생부종합,수시상세,컴퓨터교육과,15,15.93,8,1.91,2.08,종합 · 학과·계열(일반)
성균관대,2026,학생부종합,수시상세,한문교육과,0,0,"미제출 사유 : 통합모집, 추가 안내자료 참고",,,
성균관대,2026,학생부종합,수시상세,한문교육과,15,13.87,10,2.37,3.1,종합 · 학과·계열(일반)
성균관대,2026,학생부종합,수시상세,한문학과,8,14,1,3.38,3.42,
